<?xml version="1.0" encoding="utf-8"?>
<extension type="module" version="3.0" client="site" method="upgrade">
            <name>Marielli</name> 
        <author>Marielli</author> 
        <authorEmail>marielli.asprou@gmail.com</authorEmail> 
        <version>0.0.1</version> 
        <description>project epl371 with joomla 3.0 </description>
        <files>
       			
                <filename module="mod_rsscolloquim">mod_rsscolloquim.php</filename>
                <filename>mod_rsscolloquim.xml</filename>
              	<filename>index.html</filename>
                <filename>helper.php</filename>
                <filename>tmpl/default.php</filename>
                <filename>tmp1/index.html</filename>
        </files> 
   <config >
        	  
        	<fields name="params">
        		<fieldset name="link">
        			<field name="rss_link" type="link" label="RSS link :"
						description="Please enter the rss link for parssing"
						/>        		
        		</fieldset>
        		
        		<fieldset name="number of images">
        			<field name="number_of_image" type="textarea" label="Number of Images :"
						description="Number of images for display"
						col="30" row="5"
						/>   
        		
        		  
        		</fieldset>
        		<fieldset name="link">
        			<field name="moduleclass_sfx" type="textarea" label="moduleclass_sfx :"
						description=" moduleclass_sfx"
						/>        		
        		</fieldset>
        		<fieldset name="link">
        			<field name="pretext" type="link" label="pretext :"
						description="pretext"
						/>        		
        		</fieldset>
        	</fields>
        
        </config>
        
</extension>