{ "data": [{"created_at":"Mon Apr 21 19:21:09 +0000 2014","id":458324577626894336,"id_str":"458324577626894336","text":"RT @DMSLUCY: DMSL undergraduate students Lambros Petrou and Marios Mintzis rank 9th at ACM SIGMOD Programming Contest. Congrats! http:\/\/t.c\u2026","source":"web","truncated":false,"in_reply_to_status_id":null,"in_reply_to_status_id_str":null,"in_reply_to_user_id":null,"in_reply_to_user_id_str":null,"in_reply_to_screen_name":null,"user":{"id":100987459,"id_str":"100987459","name":"Lambros Petrou","screen_name":"LambrosPetrou","location":"Cyprus","description":"I am very ambitious and always pursue perfection! I love programming, gadgets and volleyball.","url":"http:\/\/t.co\/zIzBYYGPqk","entities":{"url":{"urls":[{"url":"http:\/\/t.co\/zIzBYYGPqk","expanded_url":"http:\/\/www.lambrospetrou.com","display_url":"lambrospetrou.com","indices":[0,22]}]},"description":{"urls":[]}},"protected":false,"followers_count":110,"friends_count":174,"listed_count":5,"created_at":"Fri Jan 01 14:34:53 +0000 2010","favourites_count":4,"utc_offset":10800,"time_zone":"Athens","geo_enabled":true,"verified":false,"statuses_count":1285,"lang":"en","contributors_enabled":false,"is_translator":false,"is_translation_enabled":false,"profile_background_color":"C0DEED","profile_background_image_url":"http:\/\/abs.twimg.com\/images\/themes\/theme1\/bg.png","profile_background_image_url_https":"https:\/\/abs.twimg.com\/images\/themes\/theme1\/bg.png","profile_background_tile":false,"profile_image_url":"http:\/\/pbs.twimg.com\/profile_images\/1729566006\/48010_1548647548567_1006427326_31589370_7418946_n_normal.jpg","profile_image_url_https":"https:\/\/pbs.twimg.com\/profile_images\/1729566006\/48010_1548647548567_1006427326_31589370_7418946_n_normal.jpg","profile_banner_url":"https:\/\/pbs.twimg.com\/profile_banners\/100987459\/1397686671","profile_link_color":"0084B4","profile_sidebar_border_color":"C0DEED","profile_sidebar_fill_color":"DDEEF6","profile_text_color":"333333","profile_use_background_image":true,"default_profile":true,"default_profile_image":false,"following":true,"follow_request_sent":false,"notifications":false},"geo":null,"coordinates":null,"place":null,"contributors":null,"retweeted_status":{"created_at":"Fri Apr 18 10:35:25 +0000 2014","id":457105110183972864,"id_str":"457105110183972864","text":"DMSL undergraduate students Lambros Petrou and Marios Mintzis rank 9th at ACM SIGMOD Programming Contest. Congrats! http:\/\/t.co\/ISNbpJ1a04","source":"web","truncated":false,"in_reply_to_status_id":null,"in_reply_to_status_id_str":null,"in_reply_to_user_id":null,"in_reply_to_user_id_str":null,"in_reply_to_screen_name":null,"user":{"id":742558014,"id_str":"742558014","name":"DMS Laboratory, UCY","screen_name":"DMSLUCY","location":"Nicosia","description":"DMSL belongs to the Computer Science Department at the University of Cyprus. We focus on Data Engineering Systems and Knowledge Discovery Solutions.","url":"http:\/\/t.co\/pilK7q1Dz0","entities":{"url":{"urls":[{"url":"http:\/\/t.co\/pilK7q1Dz0","expanded_url":"http:\/\/dmsl.cs.ucy.ac.cy\/","display_url":"dmsl.cs.ucy.ac.cy","indices":[0,22]}]},"description":{"urls":[]}},"protected":false,"followers_count":41,"friends_count":0,"listed_count":0,"created_at":"Tue Aug 07 09:36:30 +0000 2012","favourites_count":63,"utc_offset":10800,"time_zone":"Athens","geo_enabled":false,"verified":false,"statuses_count":65,"lang":"en","contributors_enabled":false,"is_translator":false,"is_translation_enabled":false,"profile_background_color":"C0DEED","profile_background_image_url":"http:\/\/abs.twimg.com\/images\/themes\/theme1\/bg.png","profile_background_image_url_https":"https:\/\/abs.twimg.com\/images\/themes\/theme1\/bg.png","profile_background_tile":false,"profile_image_url":"http:\/\/pbs.twimg.com\/profile_images\/2728729106\/130bc7921970a06228d1ad0d352260de_normal.png","profile_image_url_https":"https:\/\/pbs.twimg.com\/profile_images\/2728729106\/130bc7921970a06228d1ad0d352260de_normal.png","profile_link_color":"0084B4","profile_sidebar_border_color":"C0DEED","profile_sidebar_fill_color":"DDEEF6","profile_text_color":"333333","profile_use_background_image":true,"default_profile":true,"default_profile_image":false,"following":false,"follow_request_sent":false,"notifications":false},"geo":null,"coordinates":null,"place":null,"contributors":null,"retweet_count":3,"favorite_count":3,"entities":{"hashtags":[],"symbols":[],"urls":[{"url":"http:\/\/t.co\/ISNbpJ1a04","expanded_url":"http:\/\/www.cs.albany.edu\/~sigmod14contest\/leaders.html","display_url":"cs.albany.edu\/~sigmod14conte\u2026","indices":[116,138]}],"user_mentions":[]},"favorited":false,"retweeted":false,"possibly_sensitive":false,"lang":"en"},"retweet_count":3,"favorite_count":0,"entities":{"hashtags":[],"symbols":[],"urls":[{"url":"http:\/\/t.co\/ISNbpJ1a04","expanded_url":"http:\/\/www.cs.albany.edu\/~sigmod14contest\/leaders.html","display_url":"cs.albany.edu\/~sigmod14conte\u2026","indices":[139,140]}],"user_mentions":[{"screen_name":"DMSLUCY","name":"DMS Laboratory, UCY","id":742558014,"id_str":"742558014","indices":[3,11]}]},"favorited":false,"retweeted":false,"possibly_sensitive":false,"lang":"en"},{"created_at":"Mon Apr 21 19:19:44 +0000 2014","id":458324221756993536,"id_str":"458324221756993536","text":"@DMSLUCY The team is UCY_YouSeeWhy and consists of @LambrosPetrou Giwrgos Koumettou (@gkoume01) Stefanos Taranto and Marios Mintzis!","source":"web","truncated":false,"in_reply_to_status_id":457105110183972864,"in_reply_to_status_id_str":"457105110183972864","in_reply_to_user_id":742558014,"in_reply_to_user_id_str":"742558014","in_reply_to_screen_name":"DMSLUCY","user":{"id":100987459,"id_str":"100987459","name":"Lambros Petrou","screen_name":"LambrosPetrou","location":"Cyprus","description":"I am very ambitious and always pursue perfection! I love programming, gadgets and volleyball.","url":"http:\/\/t.co\/zIzBYYGPqk","entities":{"url":{"urls":[{"url":"http:\/\/t.co\/zIzBYYGPqk","expanded_url":"http:\/\/www.lambrospetrou.com","display_url":"lambrospetrou.com","indices":[0,22]}]},"description":{"urls":[]}},"protected":false,"followers_count":110,"friends_count":174,"listed_count":5,"created_at":"Fri Jan 01 14:34:53 +0000 2010","favourites_count":4,"utc_offset":10800,"time_zone":"Athens","geo_enabled":true,"verified":false,"statuses_count":1285,"lang":"en","contributors_enabled":false,"is_translator":false,"is_translation_enabled":false,"profile_background_color":"C0DEED","profile_background_image_url":"http:\/\/abs.twimg.com\/images\/themes\/theme1\/bg.png","profile_background_image_url_https":"https:\/\/abs.twimg.com\/images\/themes\/theme1\/bg.png","profile_background_tile":false,"profile_image_url":"http:\/\/pbs.twimg.com\/profile_images\/1729566006\/48010_1548647548567_1006427326_31589370_7418946_n_normal.jpg","profile_image_url_https":"https:\/\/pbs.twimg.com\/profile_images\/1729566006\/48010_1548647548567_1006427326_31589370_7418946_n_normal.jpg","profile_banner_url":"https:\/\/pbs.twimg.com\/profile_banners\/100987459\/1397686671","profile_link_color":"0084B4","profile_sidebar_border_color":"C0DEED","profile_sidebar_fill_color":"DDEEF6","profile_text_color":"333333","profile_use_background_image":true,"default_profile":true,"default_profile_image":false,"following":true,"follow_request_sent":false,"notifications":false},"geo":null,"coordinates":null,"place":null,"contributors":null,"retweet_count":0,"favorite_count":0,"entities":{"hashtags":[],"symbols":[],"urls":[],"user_mentions":[{"screen_name":"DMSLUCY","name":"DMS Laboratory, UCY","id":742558014,"id_str":"742558014","indices":[0,8]},{"screen_name":"LambrosPetrou","name":"Lambros Petrou","id":100987459,"id_str":"100987459","indices":[51,65]},{"screen_name":"gkoume01","name":"\u0393\u03b9\u03ce\u03c1\u03b3\u03bf\u03c2 \u039a\u03bf\u03c5\u03bc\u03ad\u03c4\u03c4\u03bf\u03c5","id":614348180,"id_str":"614348180","indices":[85,94]}]},"favorited":false,"retweeted":false,"lang":"en"},{"created_at":"Mon Apr 21 17:16:39 +0000 2014","id":458293246846717952,"id_str":"458293246846717952","text":"Data Scientists: Meet Big Data's Top Guns - InformationWeek http:\/\/t.co\/gqbyfJFdiN via @InformationWeek","source":"\u003ca href=\"http:\/\/twitter.com\/tweetbutton\" rel=\"nofollow\"\u003eTweet Button\u003c\/a\u003e","truncated":false,"in_reply_to_status_id":null,"in_reply_to_status_id_str":null,"in_reply_to_user_id":null,"in_reply_to_user_id_str":null,"in_reply_to_screen_name":null,"user":{"id":100987459,"id_str":"100987459","name":"Lambros Petrou","screen_name":"LambrosPetrou","location":"Cyprus","description":"I am very ambitious and always pursue perfection! I love programming, gadgets and volleyball.","url":"http:\/\/t.co\/zIzBYYGPqk","entities":{"url":{"urls":[{"url":"http:\/\/t.co\/zIzBYYGPqk","expanded_url":"http:\/\/www.lambrospetrou.com","display_url":"lambrospetrou.com","indices":[0,22]}]},"description":{"urls":[]}},"protected":false,"followers_count":110,"friends_count":174,"listed_count":5,"created_at":"Fri Jan 01 14:34:53 +0000 2010","favourites_count":4,"utc_offset":10800,"time_zone":"Athens","geo_enabled":true,"verified":false,"statuses_count":1285,"lang":"en","contributors_enabled":false,"is_translator":false,"is_translation_enabled":false,"profile_background_color":"C0DEED","profile_background_image_url":"http:\/\/abs.twimg.com\/images\/themes\/theme1\/bg.png","profile_background_image_url_https":"https:\/\/abs.twimg.com\/images\/themes\/theme1\/bg.png","profile_background_tile":false,"profile_image_url":"http:\/\/pbs.twimg.com\/profile_images\/1729566006\/48010_1548647548567_1006427326_31589370_7418946_n_normal.jpg","profile_image_url_https":"https:\/\/pbs.twimg.com\/profile_images\/1729566006\/48010_1548647548567_1006427326_31589370_7418946_n_normal.jpg","profile_banner_url":"https:\/\/pbs.twimg.com\/profile_banners\/100987459\/1397686671","profile_link_color":"0084B4","profile_sidebar_border_color":"C0DEED","profile_sidebar_fill_color":"DDEEF6","profile_text_color":"333333","profile_use_background_image":true,"default_profile":true,"default_profile_image":false,"following":true,"follow_request_sent":false,"notifications":false},"geo":null,"coordinates":null,"place":null,"contributors":null,"retweet_count":0,"favorite_count":0,"entities":{"hashtags":[],"symbols":[],"urls":[{"url":"http:\/\/t.co\/gqbyfJFdiN","expanded_url":"http:\/\/www.informationweek.com\/big-data\/news\/big-data-analytics\/data-scientists-meet-big-datas-top-guns\/240006580","display_url":"informationweek.com\/big-data\/news\/\u2026","indices":[60,82]}],"user_mentions":[{"screen_name":"InformationWeek","name":"InformationWeek","id":12615582,"id_str":"12615582","indices":[87,103]}]},"favorited":false,"retweeted":false,"possibly_sensitive":false,"lang":"en"},{"created_at":"Mon Apr 21 15:41:55 +0000 2014","id":458269408331575296,"id_str":"458269408331575296","text":"RT @AtlantaChiveOn: How the #mustache was invented. I really can't believe that many of you guys and gals didn't know this. #chiveon http:\/\u2026","source":"web","truncated":false,"in_reply_to_status_id":null,"in_reply_to_status_id_str":null,"in_reply_to_user_id":null,"in_reply_to_user_id_str":null,"in_reply_to_screen_name":null,"user":{"id":100987459,"id_str":"100987459","name":"Lambros Petrou","screen_name":"LambrosPetrou","location":"Cyprus","description":"I am very ambitious and always pursue perfection! I love programming, gadgets and volleyball.","url":"http:\/\/t.co\/zIzBYYGPqk","entities":{"url":{"urls":[{"url":"http:\/\/t.co\/zIzBYYGPqk","expanded_url":"http:\/\/www.lambrospetrou.com","display_url":"lambrospetrou.com","indices":[0,22]}]},"description":{"urls":[]}},"protected":false,"followers_count":110,"friends_count":174,"listed_count":5,"created_at":"Fri Jan 01 14:34:53 +0000 2010","favourites_count":4,"utc_offset":10800,"time_zone":"Athens","geo_enabled":true,"verified":false,"statuses_count":1285,"lang":"en","contributors_enabled":false,"is_translator":false,"is_translation_enabled":false,"profile_background_color":"C0DEED","profile_background_image_url":"http:\/\/abs.twimg.com\/images\/themes\/theme1\/bg.png","profile_background_image_url_https":"https:\/\/abs.twimg.com\/images\/themes\/theme1\/bg.png","profile_background_tile":false,"profile_image_url":"http:\/\/pbs.twimg.com\/profile_images\/1729566006\/48010_1548647548567_1006427326_31589370_7418946_n_normal.jpg","profile_image_url_https":"https:\/\/pbs.twimg.com\/profile_images\/1729566006\/48010_1548647548567_1006427326_31589370_7418946_n_normal.jpg","profile_banner_url":"https:\/\/pbs.twimg.com\/profile_banners\/100987459\/1397686671","profile_link_color":"0084B4","profile_sidebar_border_color":"C0DEED","profile_sidebar_fill_color":"DDEEF6","profile_text_color":"333333","profile_use_background_image":true,"default_profile":true,"default_profile_image":false,"following":true,"follow_request_sent":false,"notifications":false},"geo":null,"coordinates":null,"place":null,"contributors":null,"retweeted_status":{"created_at":"Mon Apr 29 21:51:32 +0000 2013","id":328989956032839680,"id_str":"328989956032839680","text":"How the #mustache was invented. I really can't believe that many of you guys and gals didn't know this. #chiveon http:\/\/t.co\/OzCTH5Dy0O","source":"\u003ca href=\"http:\/\/twitter.com\/download\/iphone\" rel=\"nofollow\"\u003eTwitter for iPhone\u003c\/a\u003e","truncated":false,"in_reply_to_status_id":null,"in_reply_to_status_id_str":null,"in_reply_to_user_id":null,"in_reply_to_user_id_str":null,"in_reply_to_screen_name":null,"user":{"id":1225329493,"id_str":"1225329493","name":"LetsFaceIt,YouLikeMe","screen_name":"AtlantaChiveOn","location":"","description":"Fellow #Chiver!!! I'm happy and easy like Sunday morning. #KCCO #ChiveOn #Chivenation! Dallas, Georgia","url":null,"entities":{"description":{"urls":[]}},"protected":false,"followers_count":1143,"friends_count":1135,"listed_count":16,"created_at":"Wed Feb 27 15:31:01 +0000 2013","favourites_count":3421,"utc_offset":null,"time_zone":null,"geo_enabled":false,"verified":false,"statuses_count":3579,"lang":"en","contributors_enabled":false,"is_translator":false,"is_translation_enabled":false,"profile_background_color":"C0DEED","profile_background_image_url":"http:\/\/abs.twimg.com\/images\/themes\/theme1\/bg.png","profile_background_image_url_https":"https:\/\/abs.twimg.com\/images\/themes\/theme1\/bg.png","profile_background_tile":false,"profile_image_url":"http:\/\/pbs.twimg.com\/profile_images\/378800000565127412\/977add86b139c535f85934e4c3df145a_normal.jpeg","profile_image_url_https":"https:\/\/pbs.twimg.com\/profile_images\/378800000565127412\/977add86b139c535f85934e4c3df145a_normal.jpeg","profile_banner_url":"https:\/\/pbs.twimg.com\/profile_banners\/1225329493\/1361980378","profile_link_color":"0084B4","profile_sidebar_border_color":"C0DEED","profile_sidebar_fill_color":"DDEEF6","profile_text_color":"333333","profile_use_background_image":true,"default_profile":true,"default_profile_image":false,"following":false,"follow_request_sent":false,"notifications":false},"geo":null,"coordinates":null,"place":null,"contributors":null,"retweet_count":5,"favorite_count":3,"entities":{"hashtags":[{"text":"mustache","indices":[8,17]},{"text":"chiveon","indices":[104,112]}],"symbols":[],"urls":[],"user_mentions":[],"media":[{"id":328989956041228289,"id_str":"328989956041228289","indices":[113,135],"media_url":"http:\/\/pbs.twimg.com\/media\/BJDOnziCQAElCB9.jpg","media_url_https":"https:\/\/pbs.twimg.com\/media\/BJDOnziCQAElCB9.jpg","url":"http:\/\/t.co\/OzCTH5Dy0O","display_url":"pic.twitter.com\/OzCTH5Dy0O","expanded_url":"http:\/\/twitter.com\/AtlantaChiveOn\/status\/328989956032839680\/photo\/1","type":"photo","sizes":{"medium":{"w":577,"h":1024,"resize":"fit"},"large":{"w":577,"h":1024,"resize":"fit"},"thumb":{"w":150,"h":150,"resize":"crop"},"small":{"w":340,"h":603,"resize":"fit"}}}]},"favorited":false,"retweeted":false,"possibly_sensitive":false,"lang":"en"},"retweet_count":5,"favorite_count":0,"entities":{"hashtags":[{"text":"mustache","indices":[28,37]},{"text":"chiveon","indices":[124,132]}],"symbols":[],"urls":[],"user_mentions":[{"screen_name":"AtlantaChiveOn","name":"LetsFaceIt,YouLikeMe","id":1225329493,"id_str":"1225329493","indices":[3,18]}],"media":[{"id":328989956041228289,"id_str":"328989956041228289","indices":[139,140],"media_url":"http:\/\/pbs.twimg.com\/media\/BJDOnziCQAElCB9.jpg","media_url_https":"https:\/\/pbs.twimg.com\/media\/BJDOnziCQAElCB9.jpg","url":"http:\/\/t.co\/OzCTH5Dy0O","display_url":"pic.twitter.com\/OzCTH5Dy0O","expanded_url":"http:\/\/twitter.com\/AtlantaChiveOn\/status\/328989956032839680\/photo\/1","type":"photo","sizes":{"medium":{"w":577,"h":1024,"resize":"fit"},"large":{"w":577,"h":1024,"resize":"fit"},"thumb":{"w":150,"h":150,"resize":"crop"},"small":{"w":340,"h":603,"resize":"fit"}}}]},"favorited":false,"retweeted":false,"possibly_sensitive":false,"lang":"en"},{"created_at":"Mon Apr 21 13:17:34 +0000 2014","id":458233080126668800,"id_str":"458233080126668800","text":"RT @WIRED: How bonobos use sex to de-stress and make up with friends http:\/\/t.co\/7Hg2N4XsYE","source":"\u003ca href=\"http:\/\/twitter.com\/download\/android\" rel=\"nofollow\"\u003eTwitter for Android\u003c\/a\u003e","truncated":false,"in_reply_to_status_id":null,"in_reply_to_status_id_str":null,"in_reply_to_user_id":null,"in_reply_to_user_id_str":null,"in_reply_to_screen_name":null,"user":{"id":100987459,"id_str":"100987459","name":"Lambros Petrou","screen_name":"LambrosPetrou","location":"Cyprus","description":"I am very ambitious and always pursue perfection! I love programming, gadgets and volleyball.","url":"http:\/\/t.co\/zIzBYYGPqk","entities":{"url":{"urls":[{"url":"http:\/\/t.co\/zIzBYYGPqk","expanded_url":"http:\/\/www.lambrospetrou.com","display_url":"lambrospetrou.com","indices":[0,22]}]},"description":{"urls":[]}},"protected":false,"followers_count":110,"friends_count":174,"listed_count":5,"created_at":"Fri Jan 01 14:34:53 +0000 2010","favourites_count":4,"utc_offset":10800,"time_zone":"Athens","geo_enabled":true,"verified":false,"statuses_count":1285,"lang":"en","contributors_enabled":false,"is_translator":false,"is_translation_enabled":false,"profile_background_color":"C0DEED","profile_background_image_url":"http:\/\/abs.twimg.com\/images\/themes\/theme1\/bg.png","profile_background_image_url_https":"https:\/\/abs.twimg.com\/images\/themes\/theme1\/bg.png","profile_background_tile":false,"profile_image_url":"http:\/\/pbs.twimg.com\/profile_images\/1729566006\/48010_1548647548567_1006427326_31589370_7418946_n_normal.jpg","profile_image_url_https":"https:\/\/pbs.twimg.com\/profile_images\/1729566006\/48010_1548647548567_1006427326_31589370_7418946_n_normal.jpg","profile_banner_url":"https:\/\/pbs.twimg.com\/profile_banners\/100987459\/1397686671","profile_link_color":"0084B4","profile_sidebar_border_color":"C0DEED","profile_sidebar_fill_color":"DDEEF6","profile_text_color":"333333","profile_use_background_image":true,"default_profile":true,"default_profile_image":false,"following":true,"follow_request_sent":false,"notifications":false},"geo":null,"coordinates":null,"place":null,"contributors":null,"retweeted_status":{"created_at":"Mon Apr 21 03:28:06 +0000 2014","id":458084734271504384,"id_str":"458084734271504384","text":"How bonobos use sex to de-stress and make up with friends http:\/\/t.co\/7Hg2N4XsYE","source":"\u003ca href=\"http:\/\/www.socialflow.com\" rel=\"nofollow\"\u003eSocialFlow\u003c\/a\u003e","truncated":false,"in_reply_to_status_id":null,"in_reply_to_status_id_str":null,"in_reply_to_user_id":null,"in_reply_to_user_id_str":null,"in_reply_to_screen_name":null,"user":{"id":1344951,"id_str":"1344951","name":"WIRED","screen_name":"WIRED","location":"San Francisco\/New York","description":"WIRED is where tomorrow is realized.","url":"http:\/\/t.co\/AbRkBRjcYo","entities":{"url":{"urls":[{"url":"http:\/\/t.co\/AbRkBRjcYo","expanded_url":"http:\/\/WIRED.com","display_url":"WIRED.com","indices":[0,22]}]},"description":{"urls":[]}},"protected":false,"followers_count":2777355,"friends_count":334,"listed_count":69100,"created_at":"Sat Mar 17 09:57:25 +0000 2007","favourites_count":780,"utc_offset":-25200,"time_zone":"Pacific Time (US & Canada)","geo_enabled":false,"verified":true,"statuses_count":30885,"lang":"en","contributors_enabled":false,"is_translator":false,"is_translation_enabled":true,"profile_background_color":"000000","profile_background_image_url":"http:\/\/pbs.twimg.com\/profile_background_images\/734548027\/5e5ee18945d22a9e2d9971208971bfdd.jpeg","profile_background_image_url_https":"https:\/\/pbs.twimg.com\/profile_background_images\/734548027\/5e5ee18945d22a9e2d9971208971bfdd.jpeg","profile_background_tile":false,"profile_image_url":"http:\/\/pbs.twimg.com\/profile_images\/378800000703426078\/f0e0491c473589ad484d976ca45d712b_normal.png","profile_image_url_https":"https:\/\/pbs.twimg.com\/profile_images\/378800000703426078\/f0e0491c473589ad484d976ca45d712b_normal.png","profile_banner_url":"https:\/\/pbs.twimg.com\/profile_banners\/1344951\/1396379579","profile_link_color":"99DCF0","profile_sidebar_border_color":"FFFFFF","profile_sidebar_fill_color":"EEEEEE","profile_text_color":"000000","profile_use_background_image":false,"default_profile":false,"default_profile_image":false,"following":false,"follow_request_sent":false,"notifications":false},"geo":null,"coordinates":null,"place":null,"contributors":null,"retweet_count":68,"favorite_count":72,"entities":{"hashtags":[],"symbols":[],"urls":[{"url":"http:\/\/t.co\/7Hg2N4XsYE","expanded_url":"http:\/\/wrd.cm\/1jfBVf3","display_url":"wrd.cm\/1jfBVf3","indices":[58,80]}],"user_mentions":[]},"favorited":false,"retweeted":false,"possibly_sensitive":false,"lang":"en"},"retweet_count":68,"favorite_count":0,"entities":{"hashtags":[],"symbols":[],"urls":[{"url":"http:\/\/t.co\/7Hg2N4XsYE","expanded_url":"http:\/\/wrd.cm\/1jfBVf3","display_url":"wrd.cm\/1jfBVf3","indices":[69,91]}],"user_mentions":[{"screen_name":"WIRED","name":"WIRED","id":1344951,"id_str":"1344951","indices":[3,9]}]},"favorited":false,"retweeted":false,"possibly_sensitive":false,"lang":"en"},{"created_at":"Sun Apr 20 15:40:04 +0000 2014","id":457906552436195328,"id_str":"457906552436195328","text":"http:\/\/t.co\/TlMeV1lCik","source":"\u003ca href=\"http:\/\/twitter.com\/download\/android\" rel=\"nofollow\"\u003eTwitter for Android\u003c\/a\u003e","truncated":false,"in_reply_to_status_id":null,"in_reply_to_status_id_str":null,"in_reply_to_user_id":null,"in_reply_to_user_id_str":null,"in_reply_to_screen_name":null,"user":{"id":100987459,"id_str":"100987459","name":"Lambros Petrou","screen_name":"LambrosPetrou","location":"Cyprus","description":"I am very ambitious and always pursue perfection! I love programming, gadgets and volleyball.","url":"http:\/\/t.co\/zIzBYYGPqk","entities":{"url":{"urls":[{"url":"http:\/\/t.co\/zIzBYYGPqk","expanded_url":"http:\/\/www.lambrospetrou.com","display_url":"lambrospetrou.com","indices":[0,22]}]},"description":{"urls":[]}},"protected":false,"followers_count":110,"friends_count":174,"listed_count":5,"created_at":"Fri Jan 01 14:34:53 +0000 2010","favourites_count":4,"utc_offset":10800,"time_zone":"Athens","geo_enabled":true,"verified":false,"statuses_count":1285,"lang":"en","contributors_enabled":false,"is_translator":false,"is_translation_enabled":false,"profile_background_color":"C0DEED","profile_background_image_url":"http:\/\/abs.twimg.com\/images\/themes\/theme1\/bg.png","profile_background_image_url_https":"https:\/\/abs.twimg.com\/images\/themes\/theme1\/bg.png","profile_background_tile":false,"profile_image_url":"http:\/\/pbs.twimg.com\/profile_images\/1729566006\/48010_1548647548567_1006427326_31589370_7418946_n_normal.jpg","profile_image_url_https":"https:\/\/pbs.twimg.com\/profile_images\/1729566006\/48010_1548647548567_1006427326_31589370_7418946_n_normal.jpg","profile_banner_url":"https:\/\/pbs.twimg.com\/profile_banners\/100987459\/1397686671","profile_link_color":"0084B4","profile_sidebar_border_color":"C0DEED","profile_sidebar_fill_color":"DDEEF6","profile_text_color":"333333","profile_use_background_image":true,"default_profile":true,"default_profile_image":false,"following":true,"follow_request_sent":false,"notifications":false},"geo":null,"coordinates":null,"place":null,"contributors":null,"retweet_count":0,"favorite_count":0,"entities":{"hashtags":[],"symbols":[],"urls":[{"url":"http:\/\/t.co\/TlMeV1lCik","expanded_url":"http:\/\/www.androidpolice.com\/2014\/04\/18\/interview-koushik-koush-dutta-on-leaving-cyanogen-inc-and-his-return-to-clockworkmod\/","display_url":"androidpolice.com\/2014\/04\/18\/int\u2026","indices":[0,22]}],"user_mentions":[]},"favorited":false,"retweeted":false,"possibly_sensitive":false,"lang":"und"},{"created_at":"Sat Apr 19 21:48:57 +0000 2014","id":457636999445614593,"id_str":"457636999445614593","text":"RT @AdrianaLima: Follow your heart everyday and you will never be led astray.\n\nLove,\nAdriana http:\/\/t.co\/uEDevbbdQm","source":"\u003ca href=\"http:\/\/twitter.com\/download\/android\" rel=\"nofollow\"\u003eTwitter for Android\u003c\/a\u003e","truncated":false,"in_reply_to_status_id":null,"in_reply_to_status_id_str":null,"in_reply_to_user_id":null,"in_reply_to_user_id_str":null,"in_reply_to_screen_name":null,"user":{"id":100987459,"id_str":"100987459","name":"Lambros Petrou","screen_name":"LambrosPetrou","location":"Cyprus","description":"I am very ambitious and always pursue perfection! I love programming, gadgets and volleyball.","url":"http:\/\/t.co\/zIzBYYGPqk","entities":{"url":{"urls":[{"url":"http:\/\/t.co\/zIzBYYGPqk","expanded_url":"http:\/\/www.lambrospetrou.com","display_url":"lambrospetrou.com","indices":[0,22]}]},"description":{"urls":[]}},"protected":false,"followers_count":110,"friends_count":174,"listed_count":5,"created_at":"Fri Jan 01 14:34:53 +0000 2010","favourites_count":4,"utc_offset":10800,"time_zone":"Athens","geo_enabled":true,"verified":false,"statuses_count":1285,"lang":"en","contributors_enabled":false,"is_translator":false,"is_translation_enabled":false,"profile_background_color":"C0DEED","profile_background_image_url":"http:\/\/abs.twimg.com\/images\/themes\/theme1\/bg.png","profile_background_image_url_https":"https:\/\/abs.twimg.com\/images\/themes\/theme1\/bg.png","profile_background_tile":false,"profile_image_url":"http:\/\/pbs.twimg.com\/profile_images\/1729566006\/48010_1548647548567_1006427326_31589370_7418946_n_normal.jpg","profile_image_url_https":"https:\/\/pbs.twimg.com\/profile_images\/1729566006\/48010_1548647548567_1006427326_31589370_7418946_n_normal.jpg","profile_banner_url":"https:\/\/pbs.twimg.com\/profile_banners\/100987459\/1397686671","profile_link_color":"0084B4","profile_sidebar_border_color":"C0DEED","profile_sidebar_fill_color":"DDEEF6","profile_text_color":"333333","profile_use_background_image":true,"default_profile":true,"default_profile_image":false,"following":true,"follow_request_sent":false,"notifications":false},"geo":null,"coordinates":null,"place":null,"contributors":null,"retweeted_status":{"created_at":"Sat Apr 19 16:37:33 +0000 2014","id":457558631425511424,"id_str":"457558631425511424","text":"Follow your heart everyday and you will never be led astray.\n\nLove,\nAdriana http:\/\/t.co\/uEDevbbdQm","source":"\u003ca href=\"http:\/\/www.facebook.com\/twitter\" rel=\"nofollow\"\u003eFacebook\u003c\/a\u003e","truncated":false,"in_reply_to_status_id":null,"in_reply_to_status_id_str":null,"in_reply_to_user_id":null,"in_reply_to_user_id_str":null,"in_reply_to_screen_name":null,"user":{"id":214791922,"id_str":"214791922","name":"Adriana Lima","screen_name":"AdrianaLima","location":"NYC, Miami, Bahia","description":"http:\/\/t.co\/ek49S0n65D","url":"http:\/\/t.co\/Y2Q9lyhTAi","entities":{"url":{"urls":[{"url":"http:\/\/t.co\/Y2Q9lyhTAi","expanded_url":"http:\/\/adrianalima.com\/","display_url":"adrianalima.com","indices":[0,22]}]},"description":{"urls":[{"url":"http:\/\/t.co\/ek49S0n65D","expanded_url":"http:\/\/www.facebook.com\/adrianalima","display_url":"facebook.com\/adrianalima","indices":[0,22]}]}},"protected":false,"followers_count":1401321,"friends_count":96,"listed_count":3424,"created_at":"Fri Nov 12 07:07:13 +0000 2010","favourites_count":60,"utc_offset":-14400,"time_zone":"Eastern Time (US & Canada)","geo_enabled":false,"verified":true,"statuses_count":1957,"lang":"en","contributors_enabled":false,"is_translator":false,"is_translation_enabled":false,"profile_background_color":"C0DEED","profile_background_image_url":"http:\/\/pbs.twimg.com\/profile_background_images\/645502665\/qqjc4i8xt40p1316cfx8.jpeg","profile_background_image_url_https":"https:\/\/pbs.twimg.com\/profile_background_images\/645502665\/qqjc4i8xt40p1316cfx8.jpeg","profile_background_tile":false,"profile_image_url":"http:\/\/pbs.twimg.com\/profile_images\/1165284069\/25686_385885282041_37255037041_3719625_4528432_n_normal.jpg","profile_image_url_https":"https:\/\/pbs.twimg.com\/profile_images\/1165284069\/25686_385885282041_37255037041_3719625_4528432_n_normal.jpg","profile_banner_url":"https:\/\/pbs.twimg.com\/profile_banners\/214791922\/1363812393","profile_link_color":"0084B4","profile_sidebar_border_color":"C0DEED","profile_sidebar_fill_color":"DDEEF6","profile_text_color":"333333","profile_use_background_image":true,"default_profile":false,"default_profile_image":false,"following":false,"follow_request_sent":false,"notifications":false},"geo":null,"coordinates":null,"place":null,"contributors":null,"retweet_count":191,"favorite_count":377,"entities":{"hashtags":[],"symbols":[],"urls":[{"url":"http:\/\/t.co\/uEDevbbdQm","expanded_url":"http:\/\/fb.me\/36Mx9wA5a","display_url":"fb.me\/36Mx9wA5a","indices":[76,98]}],"user_mentions":[]},"favorited":false,"retweeted":false,"possibly_sensitive":false,"lang":"en"},"retweet_count":191,"favorite_count":0,"entities":{"hashtags":[],"symbols":[],"urls":[{"url":"http:\/\/t.co\/uEDevbbdQm","expanded_url":"http:\/\/fb.me\/36Mx9wA5a","display_url":"fb.me\/36Mx9wA5a","indices":[93,115]}],"user_mentions":[{"screen_name":"AdrianaLima","name":"Adriana Lima","id":214791922,"id_str":"214791922","indices":[3,15]}]},"favorited":false,"retweeted":false,"possibly_sensitive":false,"lang":"en"},{"created_at":"Sat Apr 19 08:39:44 +0000 2014","id":457438383913316352,"id_str":"457438383913316352","text":"http:\/\/t.co\/ohOmnQ2YAd - Inspired for more!","source":"web","truncated":false,"in_reply_to_status_id":null,"in_reply_to_status_id_str":null,"in_reply_to_user_id":null,"in_reply_to_user_id_str":null,"in_reply_to_screen_name":null,"user":{"id":100987459,"id_str":"100987459","name":"Lambros Petrou","screen_name":"LambrosPetrou","location":"Cyprus","description":"I am very ambitious and always pursue perfection! I love programming, gadgets and volleyball.","url":"http:\/\/t.co\/zIzBYYGPqk","entities":{"url":{"urls":[{"url":"http:\/\/t.co\/zIzBYYGPqk","expanded_url":"http:\/\/www.lambrospetrou.com","display_url":"lambrospetrou.com","indices":[0,22]}]},"description":{"urls":[]}},"protected":false,"followers_count":110,"friends_count":174,"listed_count":5,"created_at":"Fri Jan 01 14:34:53 +0000 2010","favourites_count":4,"utc_offset":10800,"time_zone":"Athens","geo_enabled":true,"verified":false,"statuses_count":1285,"lang":"en","contributors_enabled":false,"is_translator":false,"is_translation_enabled":false,"profile_background_color":"C0DEED","profile_background_image_url":"http:\/\/abs.twimg.com\/images\/themes\/theme1\/bg.png","profile_background_image_url_https":"https:\/\/abs.twimg.com\/images\/themes\/theme1\/bg.png","profile_background_tile":false,"profile_image_url":"http:\/\/pbs.twimg.com\/profile_images\/1729566006\/48010_1548647548567_1006427326_31589370_7418946_n_normal.jpg","profile_image_url_https":"https:\/\/pbs.twimg.com\/profile_images\/1729566006\/48010_1548647548567_1006427326_31589370_7418946_n_normal.jpg","profile_banner_url":"https:\/\/pbs.twimg.com\/profile_banners\/100987459\/1397686671","profile_link_color":"0084B4","profile_sidebar_border_color":"C0DEED","profile_sidebar_fill_color":"DDEEF6","profile_text_color":"333333","profile_use_background_image":true,"default_profile":true,"default_profile_image":false,"following":true,"follow_request_sent":false,"notifications":false},"geo":null,"coordinates":null,"place":null,"contributors":null,"retweet_count":0,"favorite_count":0,"entities":{"hashtags":[],"symbols":[],"urls":[{"url":"http:\/\/t.co\/ohOmnQ2YAd","expanded_url":"http:\/\/ejohn.org\/blog\/write-code-every-day\/","display_url":"ejohn.org\/blog\/write-cod\u2026","indices":[0,22]}],"user_mentions":[]},"favorited":false,"retweeted":false,"possibly_sensitive":false,"lang":"no"},{"created_at":"Thu Apr 17 07:53:50 +0000 2014","id":456702057517285377,"id_str":"456702057517285377","text":"https:\/\/t.co\/Rtg4XOzZef - @Andrew_A7 @papaproc","source":"web","truncated":false,"in_reply_to_status_id":null,"in_reply_to_status_id_str":null,"in_reply_to_user_id":null,"in_reply_to_user_id_str":null,"in_reply_to_screen_name":null,"user":{"id":100987459,"id_str":"100987459","name":"Lambros Petrou","screen_name":"LambrosPetrou","location":"Cyprus","description":"I am very ambitious and always pursue perfection! I love programming, gadgets and volleyball.","url":"http:\/\/t.co\/zIzBYYGPqk","entities":{"url":{"urls":[{"url":"http:\/\/t.co\/zIzBYYGPqk","expanded_url":"http:\/\/www.lambrospetrou.com","display_url":"lambrospetrou.com","indices":[0,22]}]},"description":{"urls":[]}},"protected":false,"followers_count":110,"friends_count":174,"listed_count":5,"created_at":"Fri Jan 01 14:34:53 +0000 2010","favourites_count":4,"utc_offset":10800,"time_zone":"Athens","geo_enabled":true,"verified":false,"statuses_count":1285,"lang":"en","contributors_enabled":false,"is_translator":false,"is_translation_enabled":false,"profile_background_color":"C0DEED","profile_background_image_url":"http:\/\/abs.twimg.com\/images\/themes\/theme1\/bg.png","profile_background_image_url_https":"https:\/\/abs.twimg.com\/images\/themes\/theme1\/bg.png","profile_background_tile":false,"profile_image_url":"http:\/\/pbs.twimg.com\/profile_images\/1729566006\/48010_1548647548567_1006427326_31589370_7418946_n_normal.jpg","profile_image_url_https":"https:\/\/pbs.twimg.com\/profile_images\/1729566006\/48010_1548647548567_1006427326_31589370_7418946_n_normal.jpg","profile_banner_url":"https:\/\/pbs.twimg.com\/profile_banners\/100987459\/1397686671","profile_link_color":"0084B4","profile_sidebar_border_color":"C0DEED","profile_sidebar_fill_color":"DDEEF6","profile_text_color":"333333","profile_use_background_image":true,"default_profile":true,"default_profile_image":false,"following":true,"follow_request_sent":false,"notifications":false},"geo":null,"coordinates":null,"place":null,"contributors":null,"retweet_count":0,"favorite_count":0,"entities":{"hashtags":[],"symbols":[],"urls":[{"url":"https:\/\/t.co\/Rtg4XOzZef","expanded_url":"https:\/\/www.youtube.com\/watch?v=OtPspmqq-zo","display_url":"youtube.com\/watch?v=OtPspm\u2026","indices":[0,23]}],"user_mentions":[{"screen_name":"Andrew_A7","name":"Andreas","id":199872881,"id_str":"199872881","indices":[26,36]},{"screen_name":"papaproc","name":"C PAP","id":279784850,"id_str":"279784850","indices":[38,47]}]},"favorited":false,"retweeted":false,"possibly_sensitive":false,"lang":"und"},{"created_at":"Wed Apr 16 23:43:12 +0000 2014","id":456578585415782402,"id_str":"456578585415782402","text":"I liked a @YouTube video http:\/\/t.co\/nf8daDWI4z Masters of Sex Season 1 Official Trailer","source":"\u003ca href=\"http:\/\/www.google.com\/\" rel=\"nofollow\"\u003eGoogle\u003c\/a\u003e","truncated":false,"in_reply_to_status_id":null,"in_reply_to_status_id_str":null,"in_reply_to_user_id":null,"in_reply_to_user_id_str":null,"in_reply_to_screen_name":null,"user":{"id":100987459,"id_str":"100987459","name":"Lambros Petrou","screen_name":"LambrosPetrou","location":"Cyprus","description":"I am very ambitious and always pursue perfection! I love programming, gadgets and volleyball.","url":"http:\/\/t.co\/zIzBYYGPqk","entities":{"url":{"urls":[{"url":"http:\/\/t.co\/zIzBYYGPqk","expanded_url":"http:\/\/www.lambrospetrou.com","display_url":"lambrospetrou.com","indices":[0,22]}]},"description":{"urls":[]}},"protected":false,"followers_count":110,"friends_count":174,"listed_count":5,"created_at":"Fri Jan 01 14:34:53 +0000 2010","favourites_count":4,"utc_offset":10800,"time_zone":"Athens","geo_enabled":true,"verified":false,"statuses_count":1285,"lang":"en","contributors_enabled":false,"is_translator":false,"is_translation_enabled":false,"profile_background_color":"C0DEED","profile_background_image_url":"http:\/\/abs.twimg.com\/images\/themes\/theme1\/bg.png","profile_background_image_url_https":"https:\/\/abs.twimg.com\/images\/themes\/theme1\/bg.png","profile_background_tile":false,"profile_image_url":"http:\/\/pbs.twimg.com\/profile_images\/1729566006\/48010_1548647548567_1006427326_31589370_7418946_n_normal.jpg","profile_image_url_https":"https:\/\/pbs.twimg.com\/profile_images\/1729566006\/48010_1548647548567_1006427326_31589370_7418946_n_normal.jpg","profile_banner_url":"https:\/\/pbs.twimg.com\/profile_banners\/100987459\/1397686671","profile_link_color":"0084B4","profile_sidebar_border_color":"C0DEED","profile_sidebar_fill_color":"DDEEF6","profile_text_color":"333333","profile_use_background_image":true,"default_profile":true,"default_profile_image":false,"following":true,"follow_request_sent":false,"notifications":false},"geo":null,"coordinates":null,"place":null,"contributors":null,"retweet_count":0,"favorite_count":0,"entities":{"hashtags":[],"symbols":[],"urls":[{"url":"http:\/\/t.co\/nf8daDWI4z","expanded_url":"http:\/\/youtu.be\/aK3nF6Vsz7c?a","display_url":"youtu.be\/aK3nF6Vsz7c?a","indices":[25,47]}],"user_mentions":[{"screen_name":"YouTube","name":"YouTube","id":10228272,"id_str":"10228272","indices":[10,18]}]},"favorited":false,"retweeted":false,"possibly_sensitive":false,"lang":"en"},{"created_at":"Wed Apr 16 22:19:34 +0000 2014","id":456557540801658880,"id_str":"456557540801658880","text":"You know you are in deep shit when you get this: \" unzip; strip; touch; finger; grep; mount; fsck; more; yes; fsck; fsck; umount; sleep; \"","source":"web","truncated":false,"in_reply_to_status_id":null,"in_reply_to_status_id_str":null,"in_reply_to_user_id":null,"in_reply_to_user_id_str":null,"in_reply_to_screen_name":null,"user":{"id":100987459,"id_str":"100987459","name":"Lambros Petrou","screen_name":"LambrosPetrou","location":"Cyprus","description":"I am very ambitious and always pursue perfection! I love programming, gadgets and volleyball.","url":"http:\/\/t.co\/zIzBYYGPqk","entities":{"url":{"urls":[{"url":"http:\/\/t.co\/zIzBYYGPqk","expanded_url":"http:\/\/www.lambrospetrou.com","display_url":"lambrospetrou.com","indices":[0,22]}]},"description":{"urls":[]}},"protected":false,"followers_count":110,"friends_count":174,"listed_count":5,"created_at":"Fri Jan 01 14:34:53 +0000 2010","favourites_count":4,"utc_offset":10800,"time_zone":"Athens","geo_enabled":true,"verified":false,"statuses_count":1285,"lang":"en","contributors_enabled":false,"is_translator":false,"is_translation_enabled":false,"profile_background_color":"C0DEED","profile_background_image_url":"http:\/\/abs.twimg.com\/images\/themes\/theme1\/bg.png","profile_background_image_url_https":"https:\/\/abs.twimg.com\/images\/themes\/theme1\/bg.png","profile_background_tile":false,"profile_image_url":"http:\/\/pbs.twimg.com\/profile_images\/1729566006\/48010_1548647548567_1006427326_31589370_7418946_n_normal.jpg","profile_image_url_https":"https:\/\/pbs.twimg.com\/profile_images\/1729566006\/48010_1548647548567_1006427326_31589370_7418946_n_normal.jpg","profile_banner_url":"https:\/\/pbs.twimg.com\/profile_banners\/100987459\/1397686671","profile_link_color":"0084B4","profile_sidebar_border_color":"C0DEED","profile_sidebar_fill_color":"DDEEF6","profile_text_color":"333333","profile_use_background_image":true,"default_profile":true,"default_profile_image":false,"following":true,"follow_request_sent":false,"notifications":false},"geo":null,"coordinates":null,"place":null,"contributors":null,"retweet_count":0,"favorite_count":0,"entities":{"hashtags":[],"symbols":[],"urls":[],"user_mentions":[]},"favorited":false,"retweeted":false,"lang":"en"},{"created_at":"Fri Apr 11 11:12:23 +0000 2014","id":454577698845650944,"id_str":"454577698845650944","text":"@papaproc @GuysPIctures I wouldn't say no ;) - http:\/\/t.co\/5u42UV3Hk7","source":"\u003ca href=\"http:\/\/twitter.com\/tweetbutton\" rel=\"nofollow\"\u003eTweet Button\u003c\/a\u003e","truncated":false,"in_reply_to_status_id":454409465497124867,"in_reply_to_status_id_str":"454409465497124867","in_reply_to_user_id":279784850,"in_reply_to_user_id_str":"279784850","in_reply_to_screen_name":"papaproc","user":{"id":100987459,"id_str":"100987459","name":"Lambros Petrou","screen_name":"LambrosPetrou","location":"Cyprus","description":"I am very ambitious and always pursue perfection! I love programming, gadgets and volleyball.","url":"http:\/\/t.co\/zIzBYYGPqk","entities":{"url":{"urls":[{"url":"http:\/\/t.co\/zIzBYYGPqk","expanded_url":"http:\/\/www.lambrospetrou.com","display_url":"lambrospetrou.com","indices":[0,22]}]},"description":{"urls":[]}},"protected":false,"followers_count":110,"friends_count":174,"listed_count":5,"created_at":"Fri Jan 01 14:34:53 +0000 2010","favourites_count":4,"utc_offset":10800,"time_zone":"Athens","geo_enabled":true,"verified":false,"statuses_count":1285,"lang":"en","contributors_enabled":false,"is_translator":false,"is_translation_enabled":false,"profile_background_color":"C0DEED","profile_background_image_url":"http:\/\/abs.twimg.com\/images\/themes\/theme1\/bg.png","profile_background_image_url_https":"https:\/\/abs.twimg.com\/images\/themes\/theme1\/bg.png","profile_background_tile":false,"profile_image_url":"http:\/\/pbs.twimg.com\/profile_images\/1729566006\/48010_1548647548567_1006427326_31589370_7418946_n_normal.jpg","profile_image_url_https":"https:\/\/pbs.twimg.com\/profile_images\/1729566006\/48010_1548647548567_1006427326_31589370_7418946_n_normal.jpg","profile_banner_url":"https:\/\/pbs.twimg.com\/profile_banners\/100987459\/1397686671","profile_link_color":"0084B4","profile_sidebar_border_color":"C0DEED","profile_sidebar_fill_color":"DDEEF6","profile_text_color":"333333","profile_use_background_image":true,"default_profile":true,"default_profile_image":false,"following":true,"follow_request_sent":false,"notifications":false},"geo":null,"coordinates":null,"place":null,"contributors":null,"retweet_count":0,"favorite_count":0,"entities":{"hashtags":[],"symbols":[],"urls":[{"url":"http:\/\/t.co\/5u42UV3Hk7","expanded_url":"http:\/\/farm4.static.flickr.com\/3184\/2704473185_19a0258cd1.jpg","display_url":"farm4.static.flickr.com\/3184\/270447318\u2026","indices":[48,70]}],"user_mentions":[{"screen_name":"papaproc","name":"C PAP","id":279784850,"id_str":"279784850","indices":[0,9]},{"screen_name":"GuysPIctures","name":"Because I'm a Guy","id":611716204,"id_str":"611716204","indices":[10,23]}]},"favorited":false,"retweeted":false,"possibly_sensitive":false,"lang":"en"},{"created_at":"Mon Apr 07 05:47:56 +0000 2014","id":453046497345413120,"id_str":"453046497345413120","text":"I liked a @YouTube video http:\/\/t.co\/XaJrEraUL5 \u039c\u03b1\u03c1\u03af\u03b1 \u03bc\u03ac\u03c4\u03b9\u03b1 \u03ba\u03b1\u03c3\u03c4\u03b1\u03bd\u03ac... - \u03a0\u03ac\u03bd\u03bf\u03c2 \u039a\u03b9\u03ac\u03bc\u03bf\u03c2","source":"\u003ca href=\"http:\/\/www.google.com\/\" rel=\"nofollow\"\u003eGoogle\u003c\/a\u003e","truncated":false,"in_reply_to_status_id":null,"in_reply_to_status_id_str":null,"in_reply_to_user_id":null,"in_reply_to_user_id_str":null,"in_reply_to_screen_name":null,"user":{"id":100987459,"id_str":"100987459","name":"Lambros Petrou","screen_name":"LambrosPetrou","location":"Cyprus","description":"I am very ambitious and always pursue perfection! I love programming, gadgets and volleyball.","url":"http:\/\/t.co\/zIzBYYGPqk","entities":{"url":{"urls":[{"url":"http:\/\/t.co\/zIzBYYGPqk","expanded_url":"http:\/\/www.lambrospetrou.com","display_url":"lambrospetrou.com","indices":[0,22]}]},"description":{"urls":[]}},"protected":false,"followers_count":110,"friends_count":174,"listed_count":5,"created_at":"Fri Jan 01 14:34:53 +0000 2010","favourites_count":4,"utc_offset":10800,"time_zone":"Athens","geo_enabled":true,"verified":false,"statuses_count":1285,"lang":"en","contributors_enabled":false,"is_translator":false,"is_translation_enabled":false,"profile_background_color":"C0DEED","profile_background_image_url":"http:\/\/abs.twimg.com\/images\/themes\/theme1\/bg.png","profile_background_image_url_https":"https:\/\/abs.twimg.com\/images\/themes\/theme1\/bg.png","profile_background_tile":false,"profile_image_url":"http:\/\/pbs.twimg.com\/profile_images\/1729566006\/48010_1548647548567_1006427326_31589370_7418946_n_normal.jpg","profile_image_url_https":"https:\/\/pbs.twimg.com\/profile_images\/1729566006\/48010_1548647548567_1006427326_31589370_7418946_n_normal.jpg","profile_banner_url":"https:\/\/pbs.twimg.com\/profile_banners\/100987459\/1397686671","profile_link_color":"0084B4","profile_sidebar_border_color":"C0DEED","profile_sidebar_fill_color":"DDEEF6","profile_text_color":"333333","profile_use_background_image":true,"default_profile":true,"default_profile_image":false,"following":true,"follow_request_sent":false,"notifications":false},"geo":null,"coordinates":null,"place":null,"contributors":null,"retweet_count":0,"favorite_count":0,"entities":{"hashtags":[],"symbols":[],"urls":[{"url":"http:\/\/t.co\/XaJrEraUL5","expanded_url":"http:\/\/youtu.be\/kSjThUnFXdc?a","display_url":"youtu.be\/kSjThUnFXdc?a","indices":[25,47]}],"user_mentions":[{"screen_name":"YouTube","name":"YouTube","id":10228272,"id_str":"10228272","indices":[10,18]}]},"favorited":false,"retweeted":false,"possibly_sensitive":false,"lang":"el"},{"created_at":"Sun Apr 06 10:33:22 +0000 2014","id":452755938542620672,"id_str":"452755938542620672","text":"I don't know if I should I smile because she's my friend, or cry because that's all she's going to be!","source":"web","truncated":false,"in_reply_to_status_id":null,"in_reply_to_status_id_str":null,"in_reply_to_user_id":null,"in_reply_to_user_id_str":null,"in_reply_to_screen_name":null,"user":{"id":100987459,"id_str":"100987459","name":"Lambros Petrou","screen_name":"LambrosPetrou","location":"Cyprus","description":"I am very ambitious and always pursue perfection! I love programming, gadgets and volleyball.","url":"http:\/\/t.co\/zIzBYYGPqk","entities":{"url":{"urls":[{"url":"http:\/\/t.co\/zIzBYYGPqk","expanded_url":"http:\/\/www.lambrospetrou.com","display_url":"lambrospetrou.com","indices":[0,22]}]},"description":{"urls":[]}},"protected":false,"followers_count":110,"friends_count":174,"listed_count":5,"created_at":"Fri Jan 01 14:34:53 +0000 2010","favourites_count":4,"utc_offset":10800,"time_zone":"Athens","geo_enabled":true,"verified":false,"statuses_count":1285,"lang":"en","contributors_enabled":false,"is_translator":false,"is_translation_enabled":false,"profile_background_color":"C0DEED","profile_background_image_url":"http:\/\/abs.twimg.com\/images\/themes\/theme1\/bg.png","profile_background_image_url_https":"https:\/\/abs.twimg.com\/images\/themes\/theme1\/bg.png","profile_background_tile":false,"profile_image_url":"http:\/\/pbs.twimg.com\/profile_images\/1729566006\/48010_1548647548567_1006427326_31589370_7418946_n_normal.jpg","profile_image_url_https":"https:\/\/pbs.twimg.com\/profile_images\/1729566006\/48010_1548647548567_1006427326_31589370_7418946_n_normal.jpg","profile_banner_url":"https:\/\/pbs.twimg.com\/profile_banners\/100987459\/1397686671","profile_link_color":"0084B4","profile_sidebar_border_color":"C0DEED","profile_sidebar_fill_color":"DDEEF6","profile_text_color":"333333","profile_use_background_image":true,"default_profile":true,"default_profile_image":false,"following":true,"follow_request_sent":false,"notifications":false},"geo":null,"coordinates":null,"place":null,"contributors":null,"retweet_count":0,"favorite_count":0,"entities":{"hashtags":[],"symbols":[],"urls":[],"user_mentions":[]},"favorited":false,"retweeted":false,"lang":"en"},{"created_at":"Sat Apr 05 11:19:09 +0000 2014","id":452405073595731968,"id_str":"452405073595731968","text":"I liked a @YouTube video from @antm_4ever http:\/\/t.co\/pt8eyOFmXE Victoria's Secret The Best Top Model of all Time","source":"\u003ca href=\"http:\/\/www.google.com\/\" rel=\"nofollow\"\u003eGoogle\u003c\/a\u003e","truncated":false,"in_reply_to_status_id":null,"in_reply_to_status_id_str":null,"in_reply_to_user_id":null,"in_reply_to_user_id_str":null,"in_reply_to_screen_name":null,"user":{"id":100987459,"id_str":"100987459","name":"Lambros Petrou","screen_name":"LambrosPetrou","location":"Cyprus","description":"I am very ambitious and always pursue perfection! I love programming, gadgets and volleyball.","url":"http:\/\/t.co\/zIzBYYGPqk","entities":{"url":{"urls":[{"url":"http:\/\/t.co\/zIzBYYGPqk","expanded_url":"http:\/\/www.lambrospetrou.com","display_url":"lambrospetrou.com","indices":[0,22]}]},"description":{"urls":[]}},"protected":false,"followers_count":110,"friends_count":174,"listed_count":5,"created_at":"Fri Jan 01 14:34:53 +0000 2010","favourites_count":4,"utc_offset":10800,"time_zone":"Athens","geo_enabled":true,"verified":false,"statuses_count":1285,"lang":"en","contributors_enabled":false,"is_translator":false,"is_translation_enabled":false,"profile_background_color":"C0DEED","profile_background_image_url":"http:\/\/abs.twimg.com\/images\/themes\/theme1\/bg.png","profile_background_image_url_https":"https:\/\/abs.twimg.com\/images\/themes\/theme1\/bg.png","profile_background_tile":false,"profile_image_url":"http:\/\/pbs.twimg.com\/profile_images\/1729566006\/48010_1548647548567_1006427326_31589370_7418946_n_normal.jpg","profile_image_url_https":"https:\/\/pbs.twimg.com\/profile_images\/1729566006\/48010_1548647548567_1006427326_31589370_7418946_n_normal.jpg","profile_banner_url":"https:\/\/pbs.twimg.com\/profile_banners\/100987459\/1397686671","profile_link_color":"0084B4","profile_sidebar_border_color":"C0DEED","profile_sidebar_fill_color":"DDEEF6","profile_text_color":"333333","profile_use_background_image":true,"default_profile":true,"default_profile_image":false,"following":true,"follow_request_sent":false,"notifications":false},"geo":null,"coordinates":null,"place":null,"contributors":null,"retweet_count":0,"favorite_count":0,"entities":{"hashtags":[],"symbols":[],"urls":[{"url":"http:\/\/t.co\/pt8eyOFmXE","expanded_url":"http:\/\/youtu.be\/7Qvw2xUibZU?a","display_url":"youtu.be\/7Qvw2xUibZU?a","indices":[42,64]}],"user_mentions":[{"screen_name":"YouTube","name":"YouTube","id":10228272,"id_str":"10228272","indices":[10,18]},{"screen_name":"antm_4ever","name":"Moises Galan","id":150747036,"id_str":"150747036","indices":[30,41]}]},"favorited":false,"retweeted":false,"possibly_sensitive":false,"lang":"en"},{"created_at":"Fri Apr 04 20:53:19 +0000 2014","id":452187180153069568,"id_str":"452187180153069568","text":"Microsoft Is Suddenly a New Company. But Is It Too Late? | Enterprise | WIRED http:\/\/t.co\/yT5p5ohqX0 - These are good news","source":"\u003ca href=\"http:\/\/twitter.com\/tweetbutton\" rel=\"nofollow\"\u003eTweet Button\u003c\/a\u003e","truncated":false,"in_reply_to_status_id":null,"in_reply_to_status_id_str":null,"in_reply_to_user_id":null,"in_reply_to_user_id_str":null,"in_reply_to_screen_name":null,"user":{"id":100987459,"id_str":"100987459","name":"Lambros Petrou","screen_name":"LambrosPetrou","location":"Cyprus","description":"I am very ambitious and always pursue perfection! I love programming, gadgets and volleyball.","url":"http:\/\/t.co\/zIzBYYGPqk","entities":{"url":{"urls":[{"url":"http:\/\/t.co\/zIzBYYGPqk","expanded_url":"http:\/\/www.lambrospetrou.com","display_url":"lambrospetrou.com","indices":[0,22]}]},"description":{"urls":[]}},"protected":false,"followers_count":110,"friends_count":174,"listed_count":5,"created_at":"Fri Jan 01 14:34:53 +0000 2010","favourites_count":4,"utc_offset":10800,"time_zone":"Athens","geo_enabled":true,"verified":false,"statuses_count":1285,"lang":"en","contributors_enabled":false,"is_translator":false,"is_translation_enabled":false,"profile_background_color":"C0DEED","profile_background_image_url":"http:\/\/abs.twimg.com\/images\/themes\/theme1\/bg.png","profile_background_image_url_https":"https:\/\/abs.twimg.com\/images\/themes\/theme1\/bg.png","profile_background_tile":false,"profile_image_url":"http:\/\/pbs.twimg.com\/profile_images\/1729566006\/48010_1548647548567_1006427326_31589370_7418946_n_normal.jpg","profile_image_url_https":"https:\/\/pbs.twimg.com\/profile_images\/1729566006\/48010_1548647548567_1006427326_31589370_7418946_n_normal.jpg","profile_banner_url":"https:\/\/pbs.twimg.com\/profile_banners\/100987459\/1397686671","profile_link_color":"0084B4","profile_sidebar_border_color":"C0DEED","profile_sidebar_fill_color":"DDEEF6","profile_text_color":"333333","profile_use_background_image":true,"default_profile":true,"default_profile_image":false,"following":true,"follow_request_sent":false,"notifications":false},"geo":null,"coordinates":null,"place":null,"contributors":null,"retweet_count":0,"favorite_count":1,"entities":{"hashtags":[],"symbols":[],"urls":[{"url":"http:\/\/t.co\/yT5p5ohqX0","expanded_url":"http:\/\/www.wired.com\/2014\/04\/microsoft-new-company\/","display_url":"wired.com\/2014\/04\/micros\u2026","indices":[78,100]}],"user_mentions":[]},"favorited":false,"retweeted":false,"possibly_sensitive":false,"lang":"en"},{"created_at":"Fri Apr 04 19:47:50 +0000 2014","id":452170701320241152,"id_str":"452170701320241152","text":"I liked a @YouTube video from @y_ploutarchos http:\/\/t.co\/duYWLB6aBa Yannis Ploutarchos - Kata t' alla kala (Teaser) New Song 2014","source":"\u003ca href=\"http:\/\/www.google.com\/\" rel=\"nofollow\"\u003eGoogle\u003c\/a\u003e","truncated":false,"in_reply_to_status_id":null,"in_reply_to_status_id_str":null,"in_reply_to_user_id":null,"in_reply_to_user_id_str":null,"in_reply_to_screen_name":null,"user":{"id":100987459,"id_str":"100987459","name":"Lambros Petrou","screen_name":"LambrosPetrou","location":"Cyprus","description":"I am very ambitious and always pursue perfection! I love programming, gadgets and volleyball.","url":"http:\/\/t.co\/zIzBYYGPqk","entities":{"url":{"urls":[{"url":"http:\/\/t.co\/zIzBYYGPqk","expanded_url":"http:\/\/www.lambrospetrou.com","display_url":"lambrospetrou.com","indices":[0,22]}]},"description":{"urls":[]}},"protected":false,"followers_count":110,"friends_count":174,"listed_count":5,"created_at":"Fri Jan 01 14:34:53 +0000 2010","favourites_count":4,"utc_offset":10800,"time_zone":"Athens","geo_enabled":true,"verified":false,"statuses_count":1285,"lang":"en","contributors_enabled":false,"is_translator":false,"is_translation_enabled":false,"profile_background_color":"C0DEED","profile_background_image_url":"http:\/\/abs.twimg.com\/images\/themes\/theme1\/bg.png","profile_background_image_url_https":"https:\/\/abs.twimg.com\/images\/themes\/theme1\/bg.png","profile_background_tile":false,"profile_image_url":"http:\/\/pbs.twimg.com\/profile_images\/1729566006\/48010_1548647548567_1006427326_31589370_7418946_n_normal.jpg","profile_image_url_https":"https:\/\/pbs.twimg.com\/profile_images\/1729566006\/48010_1548647548567_1006427326_31589370_7418946_n_normal.jpg","profile_banner_url":"https:\/\/pbs.twimg.com\/profile_banners\/100987459\/1397686671","profile_link_color":"0084B4","profile_sidebar_border_color":"C0DEED","profile_sidebar_fill_color":"DDEEF6","profile_text_color":"333333","profile_use_background_image":true,"default_profile":true,"default_profile_image":false,"following":true,"follow_request_sent":false,"notifications":false},"geo":null,"coordinates":null,"place":null,"contributors":null,"retweet_count":0,"favorite_count":0,"entities":{"hashtags":[],"symbols":[],"urls":[{"url":"http:\/\/t.co\/duYWLB6aBa","expanded_url":"http:\/\/youtu.be\/ctmp658gj0w?a","display_url":"youtu.be\/ctmp658gj0w?a","indices":[45,67]}],"user_mentions":[{"screen_name":"YouTube","name":"YouTube","id":10228272,"id_str":"10228272","indices":[10,18]},{"screen_name":"Y_Ploutarchos","name":"YannisPloutarchos.gr","id":1324581583,"id_str":"1324581583","indices":[30,44]}]},"favorited":false,"retweeted":false,"possibly_sensitive":false,"lang":"et"},{"created_at":"Sat Mar 29 09:36:11 +0000 2014","id":449842445048479744,"id_str":"449842445048479744","text":"This Pretty Girl Was Seeking A Rich Husband. The Reply She Got From A Banker Was Priceless! http:\/\/t.co\/60wTwqru08","source":"\u003ca href=\"http:\/\/twitter.com\/tweetbutton\" rel=\"nofollow\"\u003eTweet Button\u003c\/a\u003e","truncated":false,"in_reply_to_status_id":null,"in_reply_to_status_id_str":null,"in_reply_to_user_id":null,"in_reply_to_user_id_str":null,"in_reply_to_screen_name":null,"user":{"id":100987459,"id_str":"100987459","name":"Lambros Petrou","screen_name":"LambrosPetrou","location":"Cyprus","description":"I am very ambitious and always pursue perfection! I love programming, gadgets and volleyball.","url":"http:\/\/t.co\/zIzBYYGPqk","entities":{"url":{"urls":[{"url":"http:\/\/t.co\/zIzBYYGPqk","expanded_url":"http:\/\/www.lambrospetrou.com","display_url":"lambrospetrou.com","indices":[0,22]}]},"description":{"urls":[]}},"protected":false,"followers_count":110,"friends_count":174,"listed_count":5,"created_at":"Fri Jan 01 14:34:53 +0000 2010","favourites_count":4,"utc_offset":10800,"time_zone":"Athens","geo_enabled":true,"verified":false,"statuses_count":1285,"lang":"en","contributors_enabled":false,"is_translator":false,"is_translation_enabled":false,"profile_background_color":"C0DEED","profile_background_image_url":"http:\/\/abs.twimg.com\/images\/themes\/theme1\/bg.png","profile_background_image_url_https":"https:\/\/abs.twimg.com\/images\/themes\/theme1\/bg.png","profile_background_tile":false,"profile_image_url":"http:\/\/pbs.twimg.com\/profile_images\/1729566006\/48010_1548647548567_1006427326_31589370_7418946_n_normal.jpg","profile_image_url_https":"https:\/\/pbs.twimg.com\/profile_images\/1729566006\/48010_1548647548567_1006427326_31589370_7418946_n_normal.jpg","profile_banner_url":"https:\/\/pbs.twimg.com\/profile_banners\/100987459\/1397686671","profile_link_color":"0084B4","profile_sidebar_border_color":"C0DEED","profile_sidebar_fill_color":"DDEEF6","profile_text_color":"333333","profile_use_background_image":true,"default_profile":true,"default_profile_image":false,"following":true,"follow_request_sent":false,"notifications":false},"geo":null,"coordinates":null,"place":null,"contributors":null,"retweet_count":0,"favorite_count":0,"entities":{"hashtags":[],"symbols":[],"urls":[{"url":"http:\/\/t.co\/60wTwqru08","expanded_url":"http:\/\/www.worthytoshare.com\/pretty-girl-seeking-rich-husband-reply-got-banker-priceless","display_url":"worthytoshare.com\/pretty-girl-se\u2026","indices":[92,114]}],"user_mentions":[]},"favorited":false,"retweeted":false,"possibly_sensitive":false,"lang":"en"},{"created_at":"Tue Mar 25 23:31:29 +0000 2014","id":448603103718166528,"id_str":"448603103718166528","text":"MapReduce Patterns, Algorithms, and Use Cases http:\/\/t.co\/xevNMPLYTw via @wordpressdotcom","source":"\u003ca href=\"http:\/\/twitter.com\/tweetbutton\" rel=\"nofollow\"\u003eTweet Button\u003c\/a\u003e","truncated":false,"in_reply_to_status_id":null,"in_reply_to_status_id_str":null,"in_reply_to_user_id":null,"in_reply_to_user_id_str":null,"in_reply_to_screen_name":null,"user":{"id":100987459,"id_str":"100987459","name":"Lambros Petrou","screen_name":"LambrosPetrou","location":"Cyprus","description":"I am very ambitious and always pursue perfection! I love programming, gadgets and volleyball.","url":"http:\/\/t.co\/zIzBYYGPqk","entities":{"url":{"urls":[{"url":"http:\/\/t.co\/zIzBYYGPqk","expanded_url":"http:\/\/www.lambrospetrou.com","display_url":"lambrospetrou.com","indices":[0,22]}]},"description":{"urls":[]}},"protected":false,"followers_count":110,"friends_count":174,"listed_count":5,"created_at":"Fri Jan 01 14:34:53 +0000 2010","favourites_count":4,"utc_offset":10800,"time_zone":"Athens","geo_enabled":true,"verified":false,"statuses_count":1285,"lang":"en","contributors_enabled":false,"is_translator":false,"is_translation_enabled":false,"profile_background_color":"C0DEED","profile_background_image_url":"http:\/\/abs.twimg.com\/images\/themes\/theme1\/bg.png","profile_background_image_url_https":"https:\/\/abs.twimg.com\/images\/themes\/theme1\/bg.png","profile_background_tile":false,"profile_image_url":"http:\/\/pbs.twimg.com\/profile_images\/1729566006\/48010_1548647548567_1006427326_31589370_7418946_n_normal.jpg","profile_image_url_https":"https:\/\/pbs.twimg.com\/profile_images\/1729566006\/48010_1548647548567_1006427326_31589370_7418946_n_normal.jpg","profile_banner_url":"https:\/\/pbs.twimg.com\/profile_banners\/100987459\/1397686671","profile_link_color":"0084B4","profile_sidebar_border_color":"C0DEED","profile_sidebar_fill_color":"DDEEF6","profile_text_color":"333333","profile_use_background_image":true,"default_profile":true,"default_profile_image":false,"following":true,"follow_request_sent":false,"notifications":false},"geo":null,"coordinates":null,"place":null,"contributors":null,"retweet_count":0,"favorite_count":0,"entities":{"hashtags":[],"symbols":[],"urls":[{"url":"http:\/\/t.co\/xevNMPLYTw","expanded_url":"http:\/\/wp.me\/p25MtZ-1W","display_url":"wp.me\/p25MtZ-1W","indices":[46,68]}],"user_mentions":[{"screen_name":"wordpressdotcom","name":"WordPress.com","id":823905,"id_str":"823905","indices":[73,89]}]},"favorited":false,"retweeted":false,"possibly_sensitive":false,"lang":"en"},{"created_at":"Tue Mar 25 18:19:30 +0000 2014","id":448524590369603584,"id_str":"448524590369603584","text":"How to Get a Job at Google http:\/\/t.co\/5diNlJZyOs","source":"\u003ca href=\"http:\/\/twitter.com\/tweetbutton\" rel=\"nofollow\"\u003eTweet Button\u003c\/a\u003e","truncated":false,"in_reply_to_status_id":null,"in_reply_to_status_id_str":null,"in_reply_to_user_id":null,"in_reply_to_user_id_str":null,"in_reply_to_screen_name":null,"user":{"id":100987459,"id_str":"100987459","name":"Lambros Petrou","screen_name":"LambrosPetrou","location":"Cyprus","description":"I am very ambitious and always pursue perfection! I love programming, gadgets and volleyball.","url":"http:\/\/t.co\/zIzBYYGPqk","entities":{"url":{"urls":[{"url":"http:\/\/t.co\/zIzBYYGPqk","expanded_url":"http:\/\/www.lambrospetrou.com","display_url":"lambrospetrou.com","indices":[0,22]}]},"description":{"urls":[]}},"protected":false,"followers_count":110,"friends_count":174,"listed_count":5,"created_at":"Fri Jan 01 14:34:53 +0000 2010","favourites_count":4,"utc_offset":10800,"time_zone":"Athens","geo_enabled":true,"verified":false,"statuses_count":1285,"lang":"en","contributors_enabled":false,"is_translator":false,"is_translation_enabled":false,"profile_background_color":"C0DEED","profile_background_image_url":"http:\/\/abs.twimg.com\/images\/themes\/theme1\/bg.png","profile_background_image_url_https":"https:\/\/abs.twimg.com\/images\/themes\/theme1\/bg.png","profile_background_tile":false,"profile_image_url":"http:\/\/pbs.twimg.com\/profile_images\/1729566006\/48010_1548647548567_1006427326_31589370_7418946_n_normal.jpg","profile_image_url_https":"https:\/\/pbs.twimg.com\/profile_images\/1729566006\/48010_1548647548567_1006427326_31589370_7418946_n_normal.jpg","profile_banner_url":"https:\/\/pbs.twimg.com\/profile_banners\/100987459\/1397686671","profile_link_color":"0084B4","profile_sidebar_border_color":"C0DEED","profile_sidebar_fill_color":"DDEEF6","profile_text_color":"333333","profile_use_background_image":true,"default_profile":true,"default_profile_image":false,"following":true,"follow_request_sent":false,"notifications":false},"geo":null,"coordinates":null,"place":null,"contributors":null,"retweet_count":0,"favorite_count":0,"entities":{"hashtags":[],"symbols":[],"urls":[{"url":"http:\/\/t.co\/5diNlJZyOs","expanded_url":"http:\/\/nyti.ms\/1fIyfAG","display_url":"nyti.ms\/1fIyfAG","indices":[27,49]}],"user_mentions":[]},"favorited":false,"retweeted":false,"possibly_sensitive":false,"lang":"en"}]}
