{"users":[{"id":301454371,"id_str":"301454371","name":"Elsi Praitoriti","screen_name":"Elsi_on","location":"cyprus","url":"https:\/\/www.cs.ucy.ac.cy\/~eprait01\/","description":"I like to be with real people.","protected":true,"followers_count":65,"friends_count":344,"listed_count":1,"created_at":"Thu May 19 14:06:46 +0000 2011","favourites_count":14,"utc_offset":-18000,"time_zone":"Quito","geo_enabled":true,"verified":false,"statuses_count":



92,"lang":"en","contributors_enabled":false,"is_translator":false,"profile_background_color":"FF6699","profile_background_image_url":"http:\/\/a0.twimg.com\/profile_background_images\/763227650\/0f0850257b675d3b6c03266d4f2ce0c8.jpeg","profile_background_image_url_https":"https:\/\/si0.twimg.com\/profile_background_images\/763227650\/0f0850257b675d3b6c03266d4f2ce0c8.jpeg","profile_background_tile":true,"profile_image_url":"http:\/\/a0.twimg.com\/profile_images\/1502138662\/meee_drops_normal.jpg","profile_image_url_https":"https:\/\/si0.twimg.com\/profile_images\/1502138662\/meee_drops_normal.jpg","profile_banner_url":"https:\/\/si0.twimg.com\/profile_banners\/301454371\/1357426868","profile_link_color":"B40B43","profile_sidebar_border_color":"FFFFFF","profile_sidebar_fill_color":"E5507E","profile_text_color":"362720","profile_use_background_image":true,"default_profile":false,"default_profile_image":false,"following":false,"follow_request_sent":false,"notifications":false},{"id":972476274,"id_str":"972476274","name":"Your Music Guide","screen_name":"Musicguidenet","location":"","url":"http:\/\/www.yourmusicguide.com.cy","description":"","protected":false,"followers_count":0,"friends_count":18,"listed_count":0,"created_at":"Mon Nov 26 18:33:17 +0000 2012","favourites_count":0,"utc_offset":null,"time_zone":null,"geo_enabled":false,"verified":false,"statuses_count":1,"lang":"en","contributors_enabled":false,"is_translator":false,"profile_background_color":"C0DEED","profile_background_image_url":"http:\/\/a0.twimg.com\/images\/themes\/theme1\/bg.png","profile_background_image_url_https":"https:\/\/si0.twimg.com\/images\/themes\/theme1\/bg.png","profile_background_tile":false,"profile_image_url":"http:\/\/a0.twimg.com\/profile_images\/2903259940\/67c74a3057874aced792f23116e5e2ae_normal.jpeg","profile_image_url_https":"https:\/\/si0.twimg.com\/profile_images\/2903259940\/67c74a3057874aced792f23116e5e2ae_normal.jpeg","profile_link_color":"0084B4","profile_sidebar_border_color":"C0DEED","profile_sidebar_fill_color":"DDEEF6","profile_text_color":"333333","profile_use_background_image":true,"default_profile":true,"default_profile_image":false,"following":false,"follow_request_sent":false,"notifications":false},{"id":936528020,"id_str":"936528020","name":"Christina Koumourou","screen_name":"koumourina","location":"Cyprus","url":null,"description":"Research Assistant in Linc Laboratory of Computer Science Depatrtment of University of Cyprus.","protected":false,"followers_count":13,"friends_count":17,"listed_count":0,"created_at":"Fri Nov 09 09:51:01 +0000 2012","favourites_count":0,"utc_offset":null,"time_zone":null,"geo_enabled":false,"verified":false,"statuses_count":0,"lang":"en","contributors_enabled":false,"is_translator":false,"profile_background_color":"ACDED6","profile_background_image_url":"http:\/\/a0.twimg.com\/images\/themes\/theme18\/bg.gif","profile_background_image_url_https":"https:\/\/si0.twimg.com\/images\/themes\/theme18\/bg.gif","profile_background_tile":false,"profile_image_url":"http:\/\/a0.twimg.com\/profile_images\/2826408671\/
206be341d9b05330d15de04593771889_normal.jpeg","profile_image_url_https":"https:\/\/si0.twimg.com\/profile_images\/2826408671\/206be341d9b05330d15de04593771889_normal.jpeg","profile_link_color":"038543","profile_sidebar_border_color":"EEEEEE","profile_sidebar_fill_color":"F6F6F6","profile_text_color":"333333","profile_use_background_image":true,"default_profile":false,"default_profile_image":false,"following":true,"follow_request_sent":false,"notifications":false},{"id":412919685,"id_str":"412919685","name":"Sophia Georgiou","screen_name":"SophiaGeorgiou2","location":"","url":null,"description":"","protected":false,"followers_count":186,"friends_count":233,"listed_count":4,"created_at":"Tue Nov 15 08:42:18 +0000 2011","favourites_count":88,"utc_offset":-10800,"time_zone":"Greenland","geo_enabled":false,"verified":false,"statuses_count":83,"lang":"en","contributors_enabled":false,"is_translator":false,"profile_background_color":"45999C","profile_background_image_url":"http:\/\/a0.twimg.com\/images\/themes\/theme18\/bg.gif","profile_background_image_url_https":"https:\/\/si0.twimg.com\/images\/themes\/theme18\/bg.gif","profile_background_tile":false,"profile_image_url":"http:\/\/a0.twimg.com\/profile_images\/2541155970\/9nxwe0u48y1nu3s7shhf_normal.jpeg","profile_image_url_https":"https:\/\/si0.twimg.com\/profile_images\/2541155970\/9nxwe0u48y1nu3s7shhf_normal.jpeg","profile_link_color":"038543","profile_sidebar_border_color":"FFFFFF","profile_sidebar_fill_color":"F6F6F6","profile_text_color":"333333","profile_use_background_image":true,"default_profile":false,"default_profile_image":false,"following":false,"follow_request_sent":false,"notifications":false},{"id":864499062,"id_str":"864499062","name":"Marilena Demeti","screen_name":"mdemeti","location":"","url":null,"description":"","protected":false,"followers_count":3,"friends_count":4,"listed_count":0,"created_at":"Sat Oct 06 10:57:12 +0000 2012","favourites_count":0,"utc_offset":null,"time_zone":null,"geo_enabled":false,"verified":false,"statuses_count":1,"lang":"en","contributors_enabled":false,"is_translator":false,"profile_background_color":"C0DEED","profile_background_image_url":"http:\/\/a0.twimg.com\/images\/themes\/theme1\/bg.png","profile_background_image_url_https":"https:\/\/si0.twimg.com\/images\/themes\/theme1\/bg.png","profile_background_tile":false,"profile_image_url":"http:\/\/a0.twimg.com\/sticky\/default_profile_images\/default_profile_0_normal.png","profile_image_url_https":"https:\/\/si0.twimg.com\/sticky\/default_profile_images\/default_profile_0_normal.png","profile_link_color":"0084B4","profile_sidebar_border_color":"C0DEED","profile_sidebar_fill_color":"DDEEF6","profile_text_color":"333333","profile_use_background_image":true,"default_profile":true,"default_profile_image":true,"following":false,"follow_request_sent":false,"notifications":false},{"id":749415493,"id_str":"749415493","name":"\u03a1\u03c9\u03bc\u03b1\u03af\u03b9\u03ba\u03bf \u039f\u03b4\u03bf\u03b9\u03c0\u03bf\u03c1\u03b9\u03ba\u03cc","screen_name":"orthodoxosellhn","location":"","url":"http:\/\/www.orthodoxia-ellhnismos.gr\/","description":"\u00ab\u1f4d\u03c4\u03b1\u03bd \u03bc\u03bf\u1fe6 \u03c0\u03b5\u03b9\u03c1\u03ac\u03b6\u03bf\u03c5\u03bd \u03c4\u1f74\u03bd \u03c0\u03b1\u03c4\u03c1\u03af\u03b4\u03b1 \u03bc\u03bf\u03c5 \u03ba\u03b1\u1f76 \u03b8\u03c1\u03b7\u03c3\u03ba\u03b5\u03af\u03b1 \u03bc\u03bf\u03c5, \u03b8\u1f70 \u03bc\u03b9\u03bb\u03ae\u03c3\u03c9, \u03b8\u1f70 \u1f10\u03bd\u03b5\u03c1\u03b3\u03ae\u03c3\u03c9 \u03ba\u03b9\u2019 \u1f45,\u03c4\u03b9 \u03b8\u03ad\u03bb\u03bf\u03c5\u03bd \u1f04\u03c2 \u03bc\u03bf\u1fe6 \u03ba\u03ac\u03bc\u03bf\u03c5\u03bd\u00bb","protected":false,"followers_count":580,"friends_count":1340,"listed_count":8,"created_at":"Fri Aug 10 14:02:08 +0000 2012","favourites_count":0,"utc_offset":null,"time_zone":null,"geo_enabled":false,"verified":false,"statuses_count":605,"lang":"el","contributors_enabled":false,"is_translator":false,"profile_background_color":"C0DEED","profile_background_image_url":"http:\/\/a0.twimg.com\/profile_background_images\/630213108\/vz3wiqnerx9tn4q5k3tv.png","profile_background_image_url_https":"https:\/\/si0.twimg.com\/profile_background_images\/630213108\/vz3wiqnerx9tn4q5k3tv.png","profile_background_tile":false,"profile_image_url":"http:\/\/a0.twimg.com\/profile_images\/2488874864\/___________________________normal.jpg","profile_image_url_https":"https:\/\/si0.twimg.com\/profile_images\/2488874864\/___________________________normal.jpg","profile_link_color":"0084B4","profile_sidebar_border_color":"C0DEED","profile_sidebar_fill_color":"DDEEF6","profile_text_color":"333333","profile_use_background_image":true,"default_profile":false,"default_profile_image":false,"following":false,"follow_request_sent":false,"notifications":false},{"id":183598642,"id_str":"183598642","name":"ConstantinosFasoulis","screen_name":"cfasoulis","location":"Nicosia, Cyprus","url":"http:\/\/cfasoulis.blogspot.com","description":"Undergraduate Computer Science student at University of Cyprus.\r\nMember of the Board & Radio Producer @UCYVoice.\r\nColumnist at the Students' Magazine of UCY","protected":false,"followers_count":74,"friends_count":170,"listed_count":0,"created_at":"Fri Aug 27 12:04:16 +0000 2010","favourites_count":19,"utc_offset":7200,"time_zone":"Athens","geo_enabled":false,"verified":false,"statuses_count":192,"lang":"en","contributors_enabled":false,"is_translator":false,"profile_background_color":"C0DEED","profile_background_image_url":"http:\/\/a0.twimg.com\/images\/themes\/theme1\/bg.png","profile_background_image_url_https":"https:\/\/si0.twimg.com\/images\/themes\/theme1\/bg.png","profile_background_tile":false,"profile_image_url":"http:\/\/a0.twimg.com\/profile_images\/2587193286\/icln8ihswaf1yszby1ul_normal.jpeg","profile_image_url_https":"https:\/\/si0.twimg.com\/profile_images\/2587193286\/icln8ihswaf1yszby1ul_normal.jpeg","profile_banner_url":"https:\/\/si0.twimg.com\/profile_banners\/183598642\/1355933908","profile_link_color":"0084B4","profile_sidebar_border_color":"C0DEED","profile_sidebar_fill_color":"DDEEF6","profile_text_color":"333333","profile_use_background_image":true,"default_profile":true,"default_profile_image":false,"following":false,"follow_request_sent":false,"notifications":false},{"id":100605858,"id_str":"100605858","name":"Marios Michael","screen_name":"MariosMichael90","location":"Nicosia Cyprus","url":"https:\/\/www.facebook.com\/SocialElectricity","description":"Undergraduate student @ University of Cyprus, Computer Science Department","protected":false,"followers_count":38,"friends_count":73,"listed_count":0,"created_at":"Wed Dec 30 21:58:50 +0000 2009","favourites_count":0,"utc_offset":7200,"time_zone":"Athens","geo_enabled":false,"verified":false,"statuses_count":34,"lang":"en","contributors_enabled":false,"is_translator":false,"profile_background_color":"C0DEED","profile_background_image_url":"http:\/\/a0.twimg.com\/images\/themes\/theme1\/bg.png","profile_background_image_url_https":"https:\/\/si0.twimg.com\/images\/themes\/theme1\/bg.png","profile_background_tile":false,"profile_image_url":"http:\/\/a0.twimg.com\/profile_images\/3091939342\/e83d8b0268dba18f93a1dc95ce7be862_normal.jpeg","profile_image_url_https":"https:\/\/si0.twimg.com\/profile_images\/3091939342\/e83d8b0268dba18f93a1dc95ce7be862_normal.jpeg","profile_link_color":"0084B4","profile_sidebar_border_color":"C0DEED","profile_sidebar_fill_color":"DDEEF6","profile_text_color":"333333","profile_use_background_image":true,"default_profile":true,"default_profile_image":false,"following":false,"follow_request_sent":false,"notifications":false},{"id":314115442,"id_str":"314115442","name":"antonios","screen_name":"AntonioLoiz","location":"Cyprus","url":"http:\/\/antoniosloizides.blogspot.com","description":"Teacher,Writer,Singer,Actor,Husband,Father,Man..","protected":false,"followers_count":53,"friends_count":95,"listed_count":1,"created_at":"Thu Jun 09 18:51:19 +0000 2011","favourites_count":0,"utc_offset":7200,"time_zone":"Athens","geo_enabled":false,"verified":false,"statuses_count":104,"lang":"el","contributors_enabled":false,"is_translator":false,"profile_background_color":"C1D0EB","profile_background_image_url":"http:\/\/a0.twimg.com\/profile_background_images\/533066079\/640px-Philosophy-01-goog.jpg","profile_background_image_url_https":"https:\/\/si0.twimg.com\/profile_background_images\/533066079\/640px-Philosophy-01-goog.jpg","profile_background_tile":false,"profile_image_url":"http:\/\/a0.twimg.com\/profile_images\/1724414881\/igemonas_normal.jpg","profile_image_url_https":"https:\/\/si0.twimg.com\/profile_images\/1724414881\/igemonas_normal.jpg","profile_link_color":"0084B4","profile_sidebar_border_color":"C0DEED","profile_sidebar_fill_color":"DDEEF6","profile_text_color":"333333","profile_use_background_image":true,"default_profile":false,"default_profile_image":false,"following":true,"follow_request_sent":false,"notifications":false},{"id":436844551,"id_str":"436844551","name":"Eleni","screen_name":"epxq","location":"","url":null,"description":"","protected":true,"followers_count":5,"friends_count":46,"listed_count":0,"created_at":"Wed Dec 14 17:07:43 +0000 2011","favourites_count":0,"utc_offset":7200,"time_zone":"Athens","geo_enabled":false,"verified":false,"statuses_count":3,"lang":"en","contributors_enabled":false,"is_translator":false,"profile_background_color":"352726","profile_background_image_url":"http:\/\/a0.twimg.com\/images\/themes\/theme5\/bg.gif","profile_background_image_url_https":"https:\/\/si0.twimg.com\/images\/themes\/theme5\/bg.gif","profile_background_tile":false,"profile_image_url":"http:\/\/a0.twimg.com\/sticky\/default_profile_images\/default_profile_3_normal.png","profile_image_url_https":"https:\/\/si0.twimg.com\/sticky\/default_profile_images\/default_profile_3_normal.png","profile_link_color":"D02B55","profile_sidebar_border_color":"829D5E","profile_sidebar_fill_color":"99CC33","profile_text_color":"3E4415","profile_use_background_image":true,"default_profile":false,"default_profile_image":true,"following":false,"follow_request_sent":false,"notifications":false},{"id":547681623,"id_str":"547681623","name":"constantinos","screen_name":"constantinosC25","location":"","url":null,"description":"","protected":false,"followers_count":11,"friends_count":59,"listed_count":0,"created_at":"Sat Apr 07 13:16:21 +0000 2012","favourites_count":0,"utc_offset":10800,"time_zone":"Baghdad","geo_enabled":false,"verified":false,"statuses_count":0,"lang":"en","contributors_enabled":false,"is_translator":false,"profile_background_color":"C0DEED","profile_background_image_url":"http:\/\/a0.twimg.com\/images\/themes\/theme1\/bg.png","profile_background_image_url_https":"https:\/\/si0.twimg.com\/images\/themes\/theme1\/bg.png","profile_background_tile":false,"profile_image_url":"http:\/\/a0.twimg.com\/sticky\/default_profile_images\/default_profile_6_normal.png","profile_image_url_https":"https:\/\/si0.twimg.com\/sticky\/default_profile_images\/default_profile_6_normal.png","profile_link_color":"0084B4","profile_sidebar_border_color":"C0DEED","profile_sidebar_fill_color":"DDEEF6","profile_text_color":"333333","profile_use_background_image":true,"default_profile":true,"default_profile_image":true,"following":false,"follow_request_sent":false,"notifications":false},{"id":330393632,"id_str":"330393632","name":"demetris christofi","screen_name":"dimitros89","location":"","url":"http:\/\/isawsankredemption.com","description":"Computer Science\r\ninspiration seeker\r\nMost of the tweets are not my own\r\n","protected":true,"followers_count":37,"friends_count":181,"listed_count":0,"created_at":"Wed Jul 06 15:12:31 +0000 2011","favourites_count":5,"utc_offset":10800,"time_zone":"Baghdad","geo_enabled":true,"verified":false,"statuses_count":213,"lang":"en","contributors_enabled":false,"is_translator":false,"profile_background_color":"03072D","profile_background_image_url":"http:\/\/a0.twimg.com\/profile_background_images\/663019045\/xf425fadf91aeaef44be5f189c9e104a.jpg","profile_background_image_url_https":"https:\/\/si0.twimg.com\/profile_background_images\/663019045\/xf425fadf91aeaef44be5f189c9e104a.jpg","profile_background_tile":false,"profile_image_url":"http:\/\/a0.twimg.com\/profile_images\/2718201751\/b41a637abaf530bcbeefd33e2b6913be_normal.jpeg","profile_image_url_https":"https:\/\/si0.twimg.com\/profile_images\/2718201751\/b41a637abaf530bcbeefd33e2b6913be_normal.jpeg","profile_banner_url":"https:\/\/si0.twimg.com\/profile_banners\/330393632\/1355837056","profile_link_color":"A7394D","profile_sidebar_border_color":"FFFFFF","profile_sidebar_fill_color":"030516","profile_text_color":"16818E","profile_use_background_image":true,"default_profile":false,"default_profile_image":false,"following":false,"follow_request_sent":false,"notifications":false},{"id":367399192,"id_str":"367399192","name":"Grigoria","screen_name":"GrigoriaIoannou","location":"Paphos","url":"http:\/\/facebook.com\/grigoria.ioannou","description":"","protected":true,"followers_count":52,"friends_count":64,"listed_count":0,"created_at":"Sat Sep 03 22:22:07 +0000 2011","favourites_count":0,"utc_offset":-18000,"time_zone":"Quito","geo_enabled":true,"verified":false,"statuses_count":149,"lang":"en","contributors_enabled":false,"is_translator":false,"profile_background_color":"FF6699","profile_background_image_url":"http:\/\/a0.twimg.com\/profile_background_images\/735651702\/221d1477528db4164777c69941cc616f.jpeg","profile_background_image_url_https":"https:\/\/si0.twimg.com\/profile_background_images\/735651702\/221d1477528db4164777c69941cc616f.jpeg","profile_background_tile":true,"profile_image_url":"http:\/\/a0.twimg.com\/profile_images\/1811049444\/IMG-20111231-WA0000_normal.jpg","profile_image_url_https":"https:\/\/si0.twimg.com\/profile_images\/1811049444\/IMG-20111231-WA0000_normal.jpg","profile_banner_url":"https:\/\/si0.twimg.com\/profile_banners\/367399192\/1355279217","profile_link_color":"B40B43","profile_sidebar_border_color":"000000","profile_sidebar_fill_color":"FAB1CC","profile_text_color":"4F4C4F","profile_use_background_image":true,"default_profile":false,"default_profile_image":false,"following":false,"follow_request_sent":false,"notifications":false},{"id":272314610,"id_str":"272314610","name":"\uc720\uc2b9\uc6b0","screen_name":"dimit0812","location":"Busan south korea","url":"http:\/\/cyworld.com\/ahmadyoo","description":"I'm a staff of railway station","protected":false,"followers_count":26,"friends_count":53,"listed_count":0,"created_at":"Sat Mar 26 07:44:58 +0000 2011","favourites_count":4,"utc_offset":null,"time_zone":null,"geo_enabled":false,"verified":false,"statuses_count":218,"lang":"ko","contributors_enabled":false,"is_translator":false,"profile_background_color":"C0DEED","profile_background_image_url":"http:\/\/a0.twimg.com\/images\/themes\/theme1\/bg.png","profile_background_image_url_https":"https:\/\/si0.twimg.com\/images\/themes\/theme1\/bg.png","profile_background_tile":false,"profile_image_url":"http:\/\/a0.twimg.com\/profile_images\/1887566210\/28E7peqV_normal","profile_image_url_https":"https:\/\/si0.twimg.com\/profile_images\/1887566210\/28E7peqV_normal","profile_link_color":"0084B4","profile_sidebar_border_color":"C0DEED","profile_sidebar_fill_color":"DDEEF6","profile_text_color":"333333","profile_use_background_image":true,"default_profile":true,"default_profile_image":false,"following":false,"follow_request_sent":false,"notifications":false},{"id":346240277,"id_str":"346240277","name":"Apostolos Matheos","screen_name":"ApostolosMatheo","location":"","url":null,"description":"","protected":false,"followers_count":11,"friends_count":63,"listed_count":0,"created_at":"Sun Jul 31 23:33:55 +0000 2011","favourites_count":4,"utc_offset":7200,"time_zone":"Athens","geo_enabled":false,"verified":false,"statuses_count":25,"lang":"en","contributors_enabled":false,"is_translator":false,"profile_background_color":"C0DEED","profile_background_image_url":"http:\/\/a0.twimg.com\/profile_background_images\/303032075\/apoel10xd.jpg","profile_background_image_url_https":"https:\/\/si0.twimg.com\/profile_background_images\/303032075\/apoel10xd.jpg","profile_background_tile":true,"profile_image_url":"http:\/\/a0.twimg.com\/profile_images\/1475068680\/100_7443_normal.JPG","profile_image_url_https":"https:\/\/si0.twimg.com\/profile_images\/1475068680\/100_7443_normal.JPG","profile_link_color":"0084B4","profile_sidebar_border_color":"C0DEED","profile_sidebar_fill_color":"000000","profile_text_color":"333333","profile_use_background_image":true,"default_profile":false,"default_profile_image":false,"following":false,"follow_request_sent":false,"notifications":false},{"id":50961775,"id_str":"50961775","name":"Christina Mel","screen_name":"Christinaki2","location":"Nicosia, Cyprus ","url":"http:\/\/guns2roses.wordpress.com\/","description":"Mia mikri mathiteuomeni dimosiografos 4axnei, rota, akuei, kai aporei.. That's me... ","protected":false,"followers_count":73,"friends_count":67,"listed_count":0,"created_at":"Fri Jun 26 07:22:12 +0000 2009","favourites_count":2,"utc_offset":-10800,"time_zone":"Greenland","geo_enabled":false,"verified":false,"statuses_count":93,"lang":"en","contributors_enabled":false,"is_translator":false,"profile_background_color":"FFF04D","profile_background_image_url":"http:\/\/a0.twimg.com\/profile_background_images\/509348736\/Vampire_Diaries_Cronicas_Vampiricas.jpg","profile_background_image_url_https":"https:\/\/si0.twimg.com\/profile_background_images\/509348736\/Vampire_Diaries_Cronicas_Vampiricas.jpg","profile_background_tile":false,"profile_image_url":"http:\/\/a0.twimg.com\/profile_images\/2686419308\/f6b61fe9130c372d2736c727814b9407_normal.jpeg","profile_image_url_https":"https:\/\/si0.twimg.com\/profile_images\/2686419308\/f6b61fe9130c372d2736c727814b9407_normal.jpeg","profile_link_color":"CC0033","profile_sidebar_border_color":"FFF8AD","profile_sidebar_fill_color":"F6FFD1","profile_text_color":"333333","profile_use_background_image":true,"default_profile":false,"default_profile_image":false,"following":false,"follow_request_sent":false,"notifications":false},{"id":346842447,"id_str":"346842447","name":"giota koumourou","screen_name":"giotakoumourou","location":"","url":null,"description":"","protected":false,"followers_count":48,"friends_count":74,"listed_count":0,"created_at":"Mon Aug 01 22:42:16 +0000 2011","favourites_count":0,"utc_offset":null,"time_zone":null,"geo_enabled":true,"verified":false,"statuses_count":112,"lang":"en","contributors_enabled":false,"is_translator":false,"profile_background_color":"642D8B","profile_background_image_url":"http:\/\/a0.twimg.com\/profile_background_images\/303202300\/stock-vector-violet-seamless-butterfly-background-21780967.jpg","profile_background_image_url_https":"https:\/\/si0.twimg.com\/profile_background_images\/303202300\/stock-vector-violet-seamless-butterfly-background-21780967.jpg","profile_background_tile":true,"profile_image_url":"http:\/\/a0.twimg.com\/profile_images\/1475054826\/282783_10150325942250681_584890680_9876230_8012819_n_normal.jpg","profile_image_url_https":"https:\/\/si0.twimg.com\/profile_images\/1475054826\/282783_10150325942250681_584890680_9876230_8012819_n_normal.jpg","profile_link_color":"FF0000","profile_sidebar_border_color":"65B0DA","profile_sidebar_fill_color":"7AC3EE","profile_text_color":"3D1957","profile_use_background_image":true,"default_profile":false,"default_profile_image":false,"following":false,"follow_request_sent":false,"notifications":false},{"id":134195015,"id_str":"134195015","name":"Vasos Vassiliou","screen_name":"vasosv","location":" Panepistimiou Nicosia","url":null,"description":"","protected":false,"followers_count":25,"friends_count":49,"listed_count":1,"created_at":"Sat Apr 17 18:22:28 +0000 2010","favourites_count":0,"utc_offset":7200,"time_zone":"Athens","geo_enabled":true,"verified":false,"statuses_count":48,"lang":"en","contributors_enabled":false,"is_translator":false,"profile_background_color":"C0DEED","profile_background_image_url":"http:\/\/a0.twimg.com\/images\/themes\/theme1\/bg.png","profile_background_image_url_https":"https:\/\/si0.twimg.com\/images\/themes\/theme1\/bg.png","profile_background_tile":false,"profile_image_url":"http:\/\/a0.twimg.com\/profile_images\/831089004\/VasosTurin_normal.jpg","profile_image_url_https":"https:\/\/si0.twimg.com\/profile_images\/831089004\/VasosTurin_normal.jpg","profile_link_color":"0084B4","profile_sidebar_border_color":"C0DEED","profile_sidebar_fill_color":"DDEEF6","profile_text_color":"333333","profile_use_background_image":true,"default_profile":true,"default_profile_image":false,"following":false,"follow_request_sent":false,"notifications":false}],"next_cursor":0,"next_cursor_str":"0","previous_cursor":0,"previous_cursor_str":"0"}