﻿{
   "status":"success",
   "counter":50,
   "nearestRayz":[
      {
         "rayz_message":"hi",
         "attachments":{
            "images":[

            ],
            "audio":[

            ],
            "videos":[

            ]
         },
         "timestamp":1389821518053,
         "rerayz":0,
         "maxDistance":0,
         "report":1,
         "follow":1,
         "geometry":{
            "type":"Point",
            "coordinates":[
               30.6,
               37.0
            ]
         }
      },
      {
         "rayz_message":"m",
         "attachments":{
            "images":[

            ],
            "audio":[

            ],
            "videos":[

            ]
         },
         "timestamp":1389821558027,
         "rerayz":0,
         "maxDistance":0,
         "report":1,
         "follow":1,
         "geometry":{
            "type":"Point",
            "coordinates":[
               30.6,
               37.0
            ]
         }
      },
      {
         "rayz_message":"hi",
         "attachments":{
            "images":[

            ],
            "audio":[

            ],
            "videos":[

            ]
         },
         "timestamp":1389580514894,
         "follow":0,
         "rerayz":0,
         "maxDistance":0,
         "report":1,
         "geometry":{
            "type":"Point",
            "coordinates":[
               30.7,
               36.9
            ]
         }
      },
      {
         "rayz_message":"hello",
         "attachments":{
            "images":[

            ],
            "audio":[

            ],
            "videos":[

            ]
         },
         "timestamp":1384953032089,
         "report":0,
         "rerayz":0,
         "maxDistance":0,
         "follow":1,
         "geometry":{
            "type":"Point",
            "coordinates":[
               31.2,
               30.1
            ]
         }
      },
      {
         "rayz_message":"anyone knows a good movie?",
         "attachments":{
            "images":[

            ],
            "audio":[

            ],
            "videos":[

            ]
         },
         "timestamp":1384106325191,
         "report":0,
         "rerayz":0,
         "maxDistance":0,
         "follow":1,
         "geometry":{
            "type":"Point",
            "coordinates":[
               33.3,
               35.1
            ]
         }
      },
      {
         "rayz_message":"i am thinking of relocating. where should i move ?",
         "attachments":{
            "images":[

            ],
            "audio":[

            ],
            "videos":[

            ]
         },
         "report":0,
         "maxDistance":0,
         "rerayz":3,
         "timestamp":1386615142772,
         "follow":12,
         "geometry":{
            "type":"Point",
            "coordinates":[
               33.3,
               35.1
            ]
         }
      },
      {
         "rayz_message":"anyone online???",
         "attachments":{
            "images":[

            ],
            "audio":[

            ],
            "videos":[

            ]
         },
         "timestamp":1387741687121,
         "report":0,
         "rerayz":0,
         "maxDistance":0,
         "follow":2,
         "geometry":{
            "type":"Point",
            "coordinates":[
               33.4,
               35.1
            ]
         }
      },
      {
         "rayz_message":"is anyone there?",
         "attachments":{
            "images":[

            ],
            "audio":[

            ],
            "videos":[

            ]
         },
         "timestamp":1384438102395,
         "report":0,
         "rerayz":0,
         "maxDistance":5000,
         "follow":1,
         "geometry":{
            "type":"Point",
            "coordinates":[
               33.4,
               35.2
            ]
         }
      },
      {
         "rayz_message":"Tip: Long press any of your own or starred rayz messages to re-send it to rayzit users around you!",
         "attachments":{
            "images":[

            ],
            "audio":[

            ],
            "videos":[

            ]
         },
         "report":0,
         "maxDistance":0,
         "rerayz":1,
         "timestamp":1384699442398,
         "follow":2,
         "geometry":{
            "type":"Point",
            "coordinates":[
               33.4,
               35.1
            ]
         }
      },
      {
         "rayz_message":"Best online store to buy computer hardware in Europe?",
         "attachments":{
            "images":[

            ],
            "audio":[

            ],
            "videos":[

            ]
         },
         "timestamp":1384550038927,
         "report":0,
         "rerayz":0,
         "maxDistance":0,
         "follow":2,
         "geometry":{
            "type":"Point",
            "coordinates":[
               33.4,
               35.1
            ]
         }
      },
      {
         "rayz_message":"Anybody at the MS hackathon hoste at UCY?",
         "attachments":{
            "images":[

            ],
            "audio":[

            ],
            "videos":[

            ]
         },
         "timestamp":1384609055356,
         "follow":0,
         "report":0,
         "rerayz":0,
         "maxDistance":50000,
         "geometry":{
            "type":"Point",
            "coordinates":[
               33.4,
               35.1
            ]
         }
      },
      {
         "rayz_message":"Which on is the most reliable Airliner in Europe?",
         "attachments":{
            "images":[

            ],
            "audio":[

            ],
            "videos":[

            ]
         },
         "timestamp":1391020542894,
         "report":0,
         "rerayz":0,
         "maxDistance":5000000,
         "follow":3,
         "geometry":{
            "type":"Point",
            "coordinates":[
               33.4,
               35.1
            ]
         }
      },
      {
         "rayz_message":"What are your thoughts about the situation in Ukraine. Is the country dragged into war?",
         "attachments":{
            "images":[

            ],
            "audio":[

            ],
            "videos":[

            ]
         },
         "report":0,
         "maxDistance":5000000,
         "rerayz":1,
         "timestamp":1391088094117,
         "follow":2,
         "geometry":{
            "type":"Point",
            "coordinates":[
               33.4,
               35.1
            ]
         }
      },
      {
         "rayz_message":"Nokia Lumia 1520. Impressions?",
         "attachments":{
            "images":[

            ],
            "audio":[

            ],
            "videos":[

            ]
         },
         "timestamp":1390507496073,
         "report":0,
         "rerayz":0,
         "maxDistance":0,
         "follow":1,
         "geometry":{
            "type":"Point",
            "coordinates":[
               33.4,
               35.1
            ]
         }
      },
      {
         "rayz_message":"Which one is Your Favorite European City?",
         "attachments":{
            "images":[

            ],
            "audio":[

            ],
            "videos":[

            ]
         },
         "timestamp":1390508366325,
         "report":0,
         "rerayz":0,
         "maxDistance":0,
         "follow":1,
         "geometry":{
            "type":"Point",
            "coordinates":[
               33.4,
               35.1
            ]
         }
      },
      {
         "rayz_message":"Rayzit video competition: send your funniest videos now!",
         "attachments":{
            "images":[

            ],
            "audio":[

            ],
            "videos":[

            ]
         },
         "timestamp":1385136872751,
         "report":0,
         "rerayz":0,
         "maxDistance":0,
         "follow":0,
         "geometry":{
            "type":"Point",
            "coordinates":[
               33.4,
               35.1
            ]
         }
      },
      {
         "rayz_message":"Can somebody please transfer me some rayz power? Just hit the following reply and select \"power up\". tganjs!",
         "attachments":{
            "images":[

            ],
            "audio":[

            ],
            "videos":[

            ]
         },
         "timestamp":1390731054533,
         "report":0,
         "rerayz":0,
         "maxDistance":0,
         "follow":1,
         "geometry":{
            "type":"Point",
            "coordinates":[
               33.4,
               35.1
            ]
         }
      },
      {
         "rayz_message":"what is the best coffee shop in seattle?",
         "attachments":{
            "images":[

            ],
            "audio":[

            ],
            "videos":[

            ]
         },
         "report":0,
         "maxDistance":0,
         "rerayz":1,
         "timestamp":1385011647039,
         "follow":3,
         "geometry":{
            "type":"Point",
            "coordinates":[
               33.4,
               35.1
            ]
         }
      },
      {
         "rayz_message":"McLaren MP4-29 has launched (http://www.formula1.com/news/headlines/2014/1/15411.html)",
         "attachments":{
            "images":[

            ],
            "audio":[

            ],
            "videos":[

            ]
         },
         "report":0,
         "maxDistance":2147483648,
         "rerayz":1,
         "timestamp":1390729616080,
         "follow":3,
         "geometry":{
            "type":"Point",
            "coordinates":[
               33.4,
               35.1
            ]
         }
      },
      {
         "rayz_message":"Windows Phone Apps Rankings: Suggestions?",
         "attachments":{
            "images":[

            ],
            "audio":[

            ],
            "videos":[

            ]
         },
         "timestamp":1386481106533,
         "report":0,
         "rerayz":0,
         "maxDistance":0,
         "follow":1,
         "geometry":{
            "type":"Point",
            "coordinates":[
               33.4,
               35.1
            ]
         }
      },
      {
         "rayz_message":"A friend is somebody who ... (continue)",
         "attachments":{
            "images":[

            ],
            "audio":[

            ],
            "videos":[

            ]
         },
         "timestamp":1388762411011,
         "report":0,
         "rerayz":0,
         "maxDistance":0,
         "follow":1,
         "geometry":{
            "type":"Point",
            "coordinates":[
               33.4,
               35.1
            ]
         }
      },
      {
         "rayz_message":"What are some credible sources for news and current events?",
         "attachments":{
            "images":[

            ],
            "audio":[

            ],
            "videos":[

            ]
         },
         "report":0,
         "maxDistance":0,
         "rerayz":2,
         "timestamp":1384349386174,
         "follow":3,
         "geometry":{
            "type":"Point",
            "coordinates":[
               33.4,
               35.1
            ]
         }
      },
      {
         "rayz_message":"I am looking for a fancy idea to get into the Halloween spirit. Any good ideas?",
         "attachments":{
            "images":[

            ],
            "audio":[

            ],
            "videos":[

            ]
         },
         "report":0,
         "maxDistance":0,
         "rerayz":1,
         "timestamp":1385137061464,
         "follow":0,
         "geometry":{
            "type":"Point",
            "coordinates":[
               33.4,
               35.1
            ]
         }
      },
      {
         "rayz_message":"What is the coolest idea to engage High School students in programming and Computer Science?",
         "attachments":{
            "images":[

            ],
            "audio":[

            ],
            "videos":[

            ]
         },
         "report":0,
         "maxDistance":0,
         "rerayz":5,
         "timestamp":1386132266053,
         "follow":3,
         "geometry":{
            "type":"Point",
            "coordinates":[
               33.4,
               35.1
            ]
         }
      },
      {
         "rayz_message":"phriz.be or rayzit: pros and cons???",
         "attachments":{
            "images":[

            ],
            "audio":[

            ],
            "videos":[

            ]
         },
         "timestamp":1384194580338,
         "report":0,
         "rerayz":0,
         "maxDistance":0,
         "follow":2,
         "geometry":{
            "type":"Point",
            "coordinates":[
               33.4,
               35.1
            ]
         }
      },
      {
         "rayz_message":"Windows Phone Portals: Can anybody suggest any grest portals with news, app reviews, etc?",
         "attachments":{
            "images":[

            ],
            "audio":[

            ],
            "videos":[

            ]
         },
         "report":0,
         "maxDistance":0,
         "rerayz":4,
         "timestamp":1385877224268,
         "follow":2,
         "geometry":{
            "type":"Point",
            "coordinates":[
               33.4,
               35.1
            ]
         }
      },
      {
         "rayz_message":"anyone playimg resident evil?",
         "attachments":{
            "images":[

            ],
            "audio":[

            ],
            "videos":[

            ]
         },
         "timestamp":1385491167007,
         "report":0,
         "rerayz":0,
         "maxDistance":0,
         "follow":2,
         "geometry":{
            "type":"Point",
            "coordinates":[
               33.3,
               35.1
            ]
         }
      },
      {
         "rayz_message":"What is the best restaurant at Laguna Beach, California, 30-50$ range?",
         "attachments":{
            "images":[

            ],
            "audio":[

            ],
            "videos":[

            ]
         },
         "timestamp":1384411757949,
         "report":0,
         "rerayz":0,
         "maxDistance":0,
         "follow":1,
         "geometry":{
            "type":"Point",
            "coordinates":[
               33.4,
               35.1
            ]
         }
      },
      {
         "rayz_message":"Ready to go cycling! who's joining?",
         "attachments":{
            "images":[

            ],
            "audio":[

            ],
            "videos":[

            ]
         },
         "report":0,
         "maxDistance":0,
         "rerayz":1,
         "timestamp":1384605000718,
         "follow":2,
         "geometry":{
            "type":"Point",
            "coordinates":[
               33.4,
               35.1
            ]
         }
      },
      {
         "rayz_message":"What is the best laptop?",
         "attachments":{
            "images":[

            ],
            "audio":[

            ],
            "videos":[

            ]
         },
         "report":0,
         "maxDistance":500000,
         "rerayz":1,
         "timestamp":1386159551136,
         "follow":0,
         "geometry":{
            "type":"Point",
            "coordinates":[
               33.4,
               35.1
            ]
         }
      },
      {
         "rayz_message":"How many people out there prefer to chat with a limited distance setting",
         "attachments":{
            "images":[

            ],
            "audio":[

            ],
            "videos":[

            ]
         },
         "timestamp":1389539388464,
         "report":0,
         "rerayz":0,
         "maxDistance":0,
         "follow":0,
         "geometry":{
            "type":"Point",
            "coordinates":[
               33.4,
               35.1
            ]
         }
      },
      {
         "rayz_message":"Rayzit v2 preview",
         "attachments":{
            "images":[
               {
                  "url":"/attachments/9AE1F47E585522FD1D2EFFEA7671C0855BBFDA991698B23886E37D1C65DAC8AF/i/IMG_1390410046674_0.jpg",
                  "md5":"6e697ce16821a7ec347c858c19c83966"
               }
            ],
            "audio":[

            ],
            "videos":[

            ]
         },
         "report":0,
         "maxDistance":0,
         "rerayz":2,
         "timestamp":1390497136459,
         "follow":1,
         "geometry":{
            "type":"Point",
            "coordinates":[
               33.4,
               35.1
            ]
         }
      },
      {
         "rayz_message":"What do you think about Ukraine not cutting a deal with Europe (instead preferred to stick to its Russian relationship)?",
         "attachments":{
            "images":[

            ],
            "audio":[

            ],
            "videos":[

            ]
         },
         "timestamp":1385877341926,
         "report":0,
         "rerayz":0,
         "maxDistance":0,
         "follow":2,
         "geometry":{
            "type":"Point",
            "coordinates":[
               33.4,
               35.1
            ]
         }
      },
      {
         "rayz_message":"Whats the truth behind the arrests in Turkey?",
         "attachments":{
            "images":[

            ],
            "audio":[

            ],
            "videos":[

            ]
         },
         "timestamp":1387480397999,
         "report":0,
         "rerayz":0,
         "maxDistance":0,
         "follow":0,
         "geometry":{
            "type":"Point",
            "coordinates":[
               33.4,
               35.1
            ]
         }
      },
      {
         "rayz_message":"Should Europe host Edward Snowden?",
         "attachments":{
            "images":[

            ],
            "audio":[

            ],
            "videos":[

            ]
         },
         "timestamp":1387480461437,
         "report":0,
         "rerayz":0,
         "maxDistance":0,
         "follow":1,
         "geometry":{
            "type":"Point",
            "coordinates":[
               33.4,
               35.1
            ]
         }
      },
      {
         "rayz_message":"Please name the best gaming console for youngsters 5-8 years old.",
         "attachments":{
            "images":[

            ],
            "audio":[

            ],
            "videos":[

            ]
         },
         "timestamp":1387480514298,
         "report":0,
         "rerayz":0,
         "maxDistance":0,
         "follow":3,
         "geometry":{
            "type":"Point",
            "coordinates":[
               33.4,
               35.1
            ]
         }
      },
      {
         "rayz_message":"Has anybody tried setting the distance setting? I am not sure if anybody will be receiving my rayz ...",
         "attachments":{
            "images":[

            ],
            "audio":[

            ],
            "videos":[

            ]
         },
         "timestamp":1383937738913,
         "report":0,
         "rerayz":0,
         "maxDistance":0,
         "follow":1,
         "geometry":{
            "type":"Point",
            "coordinates":[
               33.4,
               35.1
            ]
         }
      },
      {
         "rayz_message":"Rayzit on iOS & Android, opinions?",
         "attachments":{
            "images":[

            ],
            "audio":[

            ],
            "videos":[

            ]
         },
         "report":0,
         "maxDistance":0,
         "rerayz":1,
         "timestamp":1385663407170,
         "follow":4,
         "geometry":{
            "type":"Point",
            "coordinates":[
               33.4,
               35.1
            ]
         }
      },
      {
         "rayz_message":"how does the distance setting works in rayzit?",
         "attachments":{
            "images":[

            ],
            "audio":[

            ],
            "videos":[

            ]
         },
         "timestamp":1383456697139,
         "report":0,
         "rerayz":0,
         "maxDistance":0,
         "follow":1,
         "geometry":{
            "type":"Point",
            "coordinates":[
               33.4,
               35.1
            ]
         }
      },
      {
         "rayz_message":"Ημέρα Γνωριμίας ΠΚ Κυριακή 26.1.2014, 15.00 - 19.30, Κέντρο Κοινωνικών Δραστηριοτήτων, Πανεπιστημιούπολη!",
         "attachments":{
            "images":[

            ],
            "audio":[

            ],
            "videos":[

            ]
         },
         "report":0,
         "maxDistance":50000,
         "rerayz":8,
         "timestamp":1391010963614,
         "follow":1,
         "geometry":{
            "type":"Point",
            "coordinates":[
               33.4,
               35.1
            ]
         }
      },
      {
         "rayz_message":"Exei kanena kalo event ayrio sthn Leykwsia",
         "attachments":{
            "images":[

            ],
            "audio":[

            ],
            "videos":[

            ]
         },
         "report":0,
         "maxDistance":50000,
         "rerayz":5,
         "timestamp":1390557354076,
         "follow":1,
         "geometry":{
            "type":"Point",
            "coordinates":[
               33.4,
               35.1
            ]
         }
      },
      {
         "rayz_message":"Which phobe has the best battery life",
         "attachments":{
            "images":[

            ],
            "audio":[

            ],
            "videos":[

            ]
         },
         "timestamp":1390063703497,
         "report":0,
         "rerayz":0,
         "maxDistance":0,
         "follow":0,
         "geometry":{
            "type":"Point",
            "coordinates":[
               33.4,
               35.1
            ]
         }
      },
      {
         "rayz_message":"What is your favorite smartphone game on WP8?",
         "attachments":{
            "images":[

            ],
            "audio":[

            ],
            "videos":[

            ]
         },
         "timestamp":1390430892586,
         "report":0,
         "rerayz":0,
         "maxDistance":0,
         "follow":1,
         "geometry":{
            "type":"Point",
            "coordinates":[
               33.4,
               35.1
            ]
         }
      },
      {
         "rayz_message":"State of the union: was Obama convincing?",
         "attachments":{
            "images":[

            ],
            "audio":[

            ],
            "videos":[

            ]
         },
         "report":0,
         "maxDistance":0,
         "rerayz":1,
         "timestamp":1391088078309,
         "follow":2,
         "geometry":{
            "type":"Point",
            "coordinates":[
               33.4,
               35.1
            ]
         }
      },
      {
         "rayz_message":"What is the best joke you have ever heard?",
         "attachments":{
            "images":[

            ],
            "audio":[

            ],
            "videos":[

            ]
         },
         "maxDistance":0,
         "report":2,
         "rerayz":9,
         "timestamp":1390678130655,
         "follow":17,
         "geometry":{
            "type":"Point",
            "coordinates":[
               33.4,
               35.1
            ]
         }
      },
      {
         "rayz_message":"Is it worth buying a Microsoft Surface 2?",
         "attachments":{
            "images":[

            ],
            "audio":[

            ],
            "videos":[

            ]
         },
         "report":0,
         "maxDistance":0,
         "rerayz":1,
         "timestamp":1385137071369,
         "follow":7,
         "geometry":{
            "type":"Point",
            "coordinates":[
               33.4,
               35.1
            ]
         }
      },
      {
         "rayz_message":"what is a cheap gaming console. Is PSP good?",
         "attachments":{
            "images":[

            ],
            "audio":[

            ],
            "videos":[

            ]
         },
         "report":0,
         "maxDistance":0,
         "rerayz":1,
         "timestamp":1387344201093,
         "follow":2,
         "geometry":{
            "type":"Point",
            "coordinates":[
               33.4,
               35.1
            ]
         }
      },
      {
         "rayz_message":"Will NSA be weakened by Obama?",
         "attachments":{
            "images":[

            ],
            "audio":[

            ],
            "videos":[

            ]
         },
         "report":0,
         "maxDistance":0,
         "rerayz":3,
         "timestamp":1390497248958,
         "follow":1,
         "geometry":{
            "type":"Point",
            "coordinates":[
               33.4,
               35.1
            ]
         }
      },
      {
         "rayz_message":"Indoor Navigation with Windows Phones: suggestions?",
         "attachments":{
            "images":[

            ],
            "audio":[

            ],
            "videos":[

            ]
         },
         "timestamp":1390923927639,
         "report":0,
         "rerayz":0,
         "maxDistance":0,
         "follow":1,
         "geometry":{
            "type":"Point",
            "coordinates":[
               33.4,
               35.1
            ]
         }
      },
      {
         "rayz_message":"Geri Meeting",
         "attachments":{
            "images":[

            ],
            "audio":[

            ],
            "videos":[

            ]
         },
         "timestamp":1384232600576,
         "report":0,
         "rerayz":0,
         "maxDistance":500,
         "follow":0,
         "geometry":{
            "type":"Point",
            "coordinates":[
               33.4,
               35.1
            ]
         }
      }
   ]
}