﻿[
    {
        "created_at": "Sun Feb 09 06:59:47 +0000 2014",
        "id": 432408468637876225,
        "id_str": "432408468637876225",
        "text": "RT @dikaiakos: \u0398\u03ad\u03c3\u03b7 \u039c\u03b5\u03c4\u03b1\u03b4\u03b9\u03b4\u03b1\u03ba\u03c4\u03bf\u03c1\u03b9\u03ba\u03bf\u03cd \u03a3\u03c5\u03bd\u03b5\u03c1\u03b3\u03ac\u03c4\u03b7 \u03c3\u03b5 \u0391\u03c3\u03cd\u03c1\u03bc\u03b1\u03c4\u03b1 \u0394\u03af\u03ba\u03c4\u03c5\u03b1 \u03c3\u03c4\u03bf \u03a4\u03bc\u03ae\u03bc\u03b1 \u0397\u03bb\u03b5\u03ba\u03c4\u03c1\u03bf\u03bb\u03cc\u03b3\u03c9\u03bd \u039c\u03b7\u03c7\u03b1\u03bd\u03b9\u03ba\u03ce\u03bd \u03ba\u03b1\u03b9 \u039c\u03b7\u03c7\u03b1\u03bd\u03b9\u03ba\u03ce\u03bd \u03a5\u03c0\u03bf\u03bb\u03bf\u03b3\u03b9\u03c3\u03c4\u03ce\u03bd http:\/\/t.co\/5h\u2026",
        "source": "\u003ca href=\"http:\/\/itunes.apple.com\/us\/app\/twitter\/id409789998?mt=12\" rel=\"nofollow\"\u003eTwitter for Mac\u003c\/a\u003e",
        "truncated": false,
        "in_reply_to_status_id": null,
        "in_reply_to_status_id_str": null,
        "in_reply_to_user_id": null,
        "in_reply_to_user_id_str": null,
        "in_reply_to_screen_name": null,
        "user": {
            "id": 229634088,
            "id_str": "229634088",
            "name": "Computer Science ",
            "screen_name": "csdeptucy",
            "location": "Nicosia, Cyprus",
            "description": "Computer Science Department, University of Cyprus",
            "url": "http:\/\/t.co\/Eli5QhTgvG",
            "entities": {
                "url": {
                    "urls": [
                        {
                            "url": "http:\/\/t.co\/Eli5QhTgvG",
                            "expanded_url": "http:\/\/www.cs.ucy.ac.cy",
                            "display_url": "cs.ucy.ac.cy",
                            "indices": [
                                0,
                                22
                            ]
                        }
                    ]
                },
                "description": {
                    "urls": [
                        
                    ]
                }
            },
            "protected": false,
            "followers_count": 220,
            "friends_count": 10,
            "listed_count": 1,
            "created_at": "Wed Dec 22 22:42:58 +0000 2010",
            "favourites_count": 4,
            "utc_offset": 7200,
            "time_zone": "Athens",
            "geo_enabled": true,
            "verified": false,
            "statuses_count": 351,
            "lang": "en",
            "contributors_enabled": false,
            "is_translator": false,
            "is_translation_enabled": false,
            "profile_background_color": "C0DEED",
            "profile_background_image_url": "http:\/\/abs.twimg.com\/images\/themes\/theme1\/bg.png",
            "profile_background_image_url_https": "https:\/\/abs.twimg.com\/images\/themes\/theme1\/bg.png",
            "profile_background_tile": false,
            "profile_image_url": "http:\/\/pbs.twimg.com\/profile_images\/378800000318918094\/eb1f5370aa87d3cdee4f3f1d69154cf9_normal.png",
            "profile_image_url_https": "https:\/\/pbs.twimg.com\/profile_images\/378800000318918094\/eb1f5370aa87d3cdee4f3f1d69154cf9_normal.png",
            "profile_link_color": "0084B4",
            "profile_sidebar_border_color": "C0DEED",
            "profile_sidebar_fill_color": "DDEEF6",
            "profile_text_color": "333333",
            "profile_use_background_image": true,
            "default_profile": true,
            "default_profile_image": false,
            "following": false,
            "follow_request_sent": false,
            "notifications": false
        },
        "geo": null,
        "coordinates": null,
        "place": null,
        "contributors": null,
        "retweeted_status": {
            "created_at": "Sun Feb 09 06:59:39 +0000 2014",
            "id": 432408433783214080,
            "id_str": "432408433783214080",
            "text": "\u0398\u03ad\u03c3\u03b7 \u039c\u03b5\u03c4\u03b1\u03b4\u03b9\u03b4\u03b1\u03ba\u03c4\u03bf\u03c1\u03b9\u03ba\u03bf\u03cd \u03a3\u03c5\u03bd\u03b5\u03c1\u03b3\u03ac\u03c4\u03b7 \u03c3\u03b5 \u0391\u03c3\u03cd\u03c1\u03bc\u03b1\u03c4\u03b1 \u0394\u03af\u03ba\u03c4\u03c5\u03b1 \u03c3\u03c4\u03bf \u03a4\u03bc\u03ae\u03bc\u03b1 \u0397\u03bb\u03b5\u03ba\u03c4\u03c1\u03bf\u03bb\u03cc\u03b3\u03c9\u03bd \u039c\u03b7\u03c7\u03b1\u03bd\u03b9\u03ba\u03ce\u03bd \u03ba\u03b1\u03b9 \u039c\u03b7\u03c7\u03b1\u03bd\u03b9\u03ba\u03ce\u03bd \u03a5\u03c0\u03bf\u03bb\u03bf\u03b3\u03b9\u03c3\u03c4\u03ce\u03bd http:\/\/t.co\/5hC25dki7k",
            "source": "\u003ca href=\"http:\/\/itunes.apple.com\/us\/app\/twitter\/id409789998?mt=12\" rel=\"nofollow\"\u003eTwitter for Mac\u003c\/a\u003e",
            "truncated": false,
            "in_reply_to_status_id": null,
            "in_reply_to_status_id_str": null,
            "in_reply_to_user_id": null,
            "in_reply_to_user_id_str": null,
            "in_reply_to_screen_name": null,
            "user": {
                "id": 227370359,
                "id_str": "227370359",
                "name": "Marios Dikaiakos",
                "screen_name": "dikaiakos",
                "location": "Lefkosia, Cyprus",
                "description": "Professor of Computer Science & Dept. Chairman, U. of Cyprus; PhD Princeton, 1994; Dipl-Ing. EE, NTU Athens, 1988.",
                "url": "http:\/\/t.co\/BOB3QMVVuk",
                "entities": {
                    "url": {
                        "urls": [
                            {
                                "url": "http:\/\/t.co\/BOB3QMVVuk",
                                "expanded_url": "http:\/\/www.cs.ucy.ac.cy\/~mdd",
                                "display_url": "cs.ucy.ac.cy\/~mdd",
                                "indices": [
                                    0,
                                    22
                                ]
                            }
                        ]
                    },
                    "description": {
                        "urls": [
                            
                        ]
                    }
                },
                "protected": false,
                "followers_count": 240,
                "friends_count": 174,
                "listed_count": 2,
                "created_at": "Thu Dec 16 17:26:10 +0000 2010",
                "favourites_count": 34,
                "utc_offset": null,
                "time_zone": null,
                "geo_enabled": true,
                "verified": false,
                "statuses_count": 1647,
                "lang": "en",
                "contributors_enabled": false,
                "is_translator": false,
                "is_translation_enabled": false,
                "profile_background_color": "C0DEED",
                "profile_background_image_url": "http:\/\/abs.twimg.com\/images\/themes\/theme1\/bg.png",
                "profile_background_image_url_https": "https:\/\/abs.twimg.com\/images\/themes\/theme1\/bg.png",
                "profile_background_tile": false,
                "profile_image_url": "http:\/\/pbs.twimg.com\/profile_images\/1198698098\/mdd2006_normal.jpg",
                "profile_image_url_https": "https:\/\/pbs.twimg.com\/profile_images\/1198698098\/mdd2006_normal.jpg",
                "profile_link_color": "0084B4",
                "profile_sidebar_border_color": "C0DEED",
                "profile_sidebar_fill_color": "DDEEF6",
                "profile_text_color": "333333",
                "profile_use_background_image": true,
                "default_profile": true,
                "default_profile_image": false,
                "following": false,
                "follow_request_sent": false,
                "notifications": false
            },
            "geo": null,
            "coordinates": null,
            "place": null,
            "contributors": null,
            "retweet_count": 2,
            "favorite_count": 0,
            "entities": {
                "hashtags": [
                    
                ],
                "symbols": [
                    
                ],
                "urls": [
                    {
                        "url": "http:\/\/t.co\/5hC25dki7k",
                        "expanded_url": "http:\/\/www.ucy.ac.cy\/hr\/documents\/akdm_kenes_theseis\/%CE%97%CE%9C%CE%9C%CE%A5\/cho4.pdf",
                        "display_url": "ucy.ac.cy\/hr\/documents\/a\u2026",
                        "indices": [
                            110,
                            132
                        ]
                    }
                ],
                "user_mentions": [
                    
                ]
            },
            "favorited": false,
            "retweeted": false,
            "possibly_sensitive": false,
            "lang": "el"
        },
        "retweet_count": 2,
        "favorite_count": 0,
        "entities": {
            "hashtags": [
                
            ],
            "symbols": [
                
            ],
            "urls": [
                {
                    "url": "http:\/\/t.co\/5hC25dki7k",
                    "expanded_url": "http:\/\/www.ucy.ac.cy\/hr\/documents\/akdm_kenes_theseis\/%CE%97%CE%9C%CE%9C%CE%A5\/cho4.pdf",
                    "display_url": "ucy.ac.cy\/hr\/documents\/a\u2026",
                    "indices": [
                        139,
                        140
                    ]
                }
            ],
            "user_mentions": [
                {
                    "screen_name": "dikaiakos",
                    "name": "Marios Dikaiakos",
                    "id": 227370359,
                    "id_str": "227370359",
                    "indices": [
                        3,
                        13
                    ]
                }
            ]
        },
        "favorited": false,
        "retweeted": false,
        "possibly_sensitive": false,
        "lang": "el"
    },
    {
        "created_at": "Tue Feb 04 23:26:49 +0000 2014",
        "id": 430844924507217920,
        "id_str": "430844924507217920",
        "text": "RT @dikaiakos: Research Associate position @lincucy in PaaS Clouds: http:\/\/t.co\/2QRcKIM4Pn",
        "source": "\u003ca href=\"http:\/\/itunes.apple.com\/us\/app\/twitter\/id409789998?mt=12\" rel=\"nofollow\"\u003eTwitter for Mac\u003c\/a\u003e",
        "truncated": false,
        "in_reply_to_status_id": null,
        "in_reply_to_status_id_str": null,
        "in_reply_to_user_id": null,
        "in_reply_to_user_id_str": null,
        "in_reply_to_screen_name": null,
        "user": {
            "id": 229634088,
            "id_str": "229634088",
            "name": "Computer Science ",
            "screen_name": "csdeptucy",
            "location": "Nicosia, Cyprus",
            "description": "Computer Science Department, University of Cyprus",
            "url": "http:\/\/t.co\/Eli5QhTgvG",
            "entities": {
                "url": {
                    "urls": [
                        {
                            "url": "http:\/\/t.co\/Eli5QhTgvG",
                            "expanded_url": "http:\/\/www.cs.ucy.ac.cy",
                            "display_url": "cs.ucy.ac.cy",
                            "indices": [
                                0,
                                22
                            ]
                        }
                    ]
                },
                "description": {
                    "urls": [
                        
                    ]
                }
            },
            "protected": false,
            "followers_count": 220,
            "friends_count": 10,
            "listed_count": 1,
            "created_at": "Wed Dec 22 22:42:58 +0000 2010",
            "favourites_count": 4,
            "utc_offset": 7200,
            "time_zone": "Athens",
            "geo_enabled": true,
            "verified": false,
            "statuses_count": 351,
            "lang": "en",
            "contributors_enabled": false,
            "is_translator": false,
            "is_translation_enabled": false,
            "profile_background_color": "C0DEED",
            "profile_background_image_url": "http:\/\/abs.twimg.com\/images\/themes\/theme1\/bg.png",
            "profile_background_image_url_https": "https:\/\/abs.twimg.com\/images\/themes\/theme1\/bg.png",
            "profile_background_tile": false,
            "profile_image_url": "http:\/\/pbs.twimg.com\/profile_images\/378800000318918094\/eb1f5370aa87d3cdee4f3f1d69154cf9_normal.png",
            "profile_image_url_https": "https:\/\/pbs.twimg.com\/profile_images\/378800000318918094\/eb1f5370aa87d3cdee4f3f1d69154cf9_normal.png",
            "profile_link_color": "0084B4",
            "profile_sidebar_border_color": "C0DEED",
            "profile_sidebar_fill_color": "DDEEF6",
            "profile_text_color": "333333",
            "profile_use_background_image": true,
            "default_profile": true,
            "default_profile_image": false,
            "following": false,
            "follow_request_sent": false,
            "notifications": false
        },
        "geo": null,
        "coordinates": null,
        "place": null,
        "contributors": null,
        "retweeted_status": {
            "created_at": "Tue Feb 04 23:26:36 +0000 2014",
            "id": 430844868513251329,
            "id_str": "430844868513251329",
            "text": "Research Associate position @lincucy in PaaS Clouds: http:\/\/t.co\/2QRcKIM4Pn",
            "source": "\u003ca href=\"http:\/\/itunes.apple.com\/us\/app\/twitter\/id409789998?mt=12\" rel=\"nofollow\"\u003eTwitter for Mac\u003c\/a\u003e",
            "truncated": false,
            "in_reply_to_status_id": null,
            "in_reply_to_status_id_str": null,
            "in_reply_to_user_id": null,
            "in_reply_to_user_id_str": null,
            "in_reply_to_screen_name": null,
            "user": {
                "id": 227370359,
                "id_str": "227370359",
                "name": "Marios Dikaiakos",
                "screen_name": "dikaiakos",
                "location": "Lefkosia, Cyprus",
                "description": "Professor of Computer Science & Dept. Chairman, U. of Cyprus; PhD Princeton, 1994; Dipl-Ing. EE, NTU Athens, 1988.",
                "url": "http:\/\/t.co\/BOB3QMVVuk",
                "entities": {
                    "url": {
                        "urls": [
                            {
                                "url": "http:\/\/t.co\/BOB3QMVVuk",
                                "expanded_url": "http:\/\/www.cs.ucy.ac.cy\/~mdd",
                                "display_url": "cs.ucy.ac.cy\/~mdd",
                                "indices": [
                                    0,
                                    22
                                ]
                            }
                        ]
                    },
                    "description": {
                        "urls": [
                            
                        ]
                    }
                },
                "protected": false,
                "followers_count": 240,
                "friends_count": 174,
                "listed_count": 2,
                "created_at": "Thu Dec 16 17:26:10 +0000 2010",
                "favourites_count": 34,
                "utc_offset": null,
                "time_zone": null,
                "geo_enabled": true,
                "verified": false,
                "statuses_count": 1647,
                "lang": "en",
                "contributors_enabled": false,
                "is_translator": false,
                "is_translation_enabled": false,
                "profile_background_color": "C0DEED",
                "profile_background_image_url": "http:\/\/abs.twimg.com\/images\/themes\/theme1\/bg.png",
                "profile_background_image_url_https": "https:\/\/abs.twimg.com\/images\/themes\/theme1\/bg.png",
                "profile_background_tile": false,
                "profile_image_url": "http:\/\/pbs.twimg.com\/profile_images\/1198698098\/mdd2006_normal.jpg",
                "profile_image_url_https": "https:\/\/pbs.twimg.com\/profile_images\/1198698098\/mdd2006_normal.jpg",
                "profile_link_color": "0084B4",
                "profile_sidebar_border_color": "C0DEED",
                "profile_sidebar_fill_color": "DDEEF6",
                "profile_text_color": "333333",
                "profile_use_background_image": true,
                "default_profile": true,
                "default_profile_image": false,
                "following": false,
                "follow_request_sent": false,
                "notifications": false
            },
            "geo": null,
            "coordinates": null,
            "place": null,
            "contributors": null,
            "retweet_count": 1,
            "favorite_count": 0,
            "entities": {
                "hashtags": [
                    
                ],
                "symbols": [
                    
                ],
                "urls": [
                    {
                        "url": "http:\/\/t.co\/2QRcKIM4Pn",
                        "expanded_url": "http:\/\/linc.ucy.ac.cy\/index.php\/news\/116-special-scientist-paasport",
                        "display_url": "linc.ucy.ac.cy\/index.php\/news\u2026",
                        "indices": [
                            53,
                            75
                        ]
                    }
                ],
                "user_mentions": [
                    {
                        "screen_name": "LincUCY",
                        "name": "LInC-UCY",
                        "id": 949770846,
                        "id_str": "949770846",
                        "indices": [
                            28,
                            36
                        ]
                    }
                ]
            },
            "favorited": false,
            "retweeted": false,
            "possibly_sensitive": false,
            "lang": "en"
        },
        "retweet_count": 1,
        "favorite_count": 0,
        "entities": {
            "hashtags": [
                
            ],
            "symbols": [
                
            ],
            "urls": [
                {
                    "url": "http:\/\/t.co\/2QRcKIM4Pn",
                    "expanded_url": "http:\/\/linc.ucy.ac.cy\/index.php\/news\/116-special-scientist-paasport",
                    "display_url": "linc.ucy.ac.cy\/index.php\/news\u2026",
                    "indices": [
                        68,
                        90
                    ]
                }
            ],
            "user_mentions": [
                {
                    "screen_name": "dikaiakos",
                    "name": "Marios Dikaiakos",
                    "id": 227370359,
                    "id_str": "227370359",
                    "indices": [
                        3,
                        13
                    ]
                },
                {
                    "screen_name": "LincUCY",
                    "name": "LInC-UCY",
                    "id": 949770846,
                    "id_str": "949770846",
                    "indices": [
                        43,
                        51
                    ]
                }
            ]
        },
        "favorited": false,
        "retweeted": false,
        "possibly_sensitive": false,
        "lang": "en"
    },
    {
        "created_at": "Mon Feb 03 10:11:49 +0000 2014",
        "id": 430282470442172416,
        "id_str": "430282470442172416",
        "text": "Internship announcement in AtYourService start-up: http:\/\/t.co\/1MujtmqOaD",
        "source": "\u003ca href=\"http:\/\/itunes.apple.com\/us\/app\/twitter\/id409789998?mt=12\" rel=\"nofollow\"\u003eTwitter for Mac\u003c\/a\u003e",
        "truncated": false,
        "in_reply_to_status_id": null,
        "in_reply_to_status_id_str": null,
        "in_reply_to_user_id": null,
        "in_reply_to_user_id_str": null,
        "in_reply_to_screen_name": null,
        "user": {
            "id": 229634088,
            "id_str": "229634088",
            "name": "Computer Science ",
            "screen_name": "csdeptucy",
            "location": "Nicosia, Cyprus",
            "description": "Computer Science Department, University of Cyprus",
            "url": "http:\/\/t.co\/Eli5QhTgvG",
            "entities": {
                "url": {
                    "urls": [
                        {
                            "url": "http:\/\/t.co\/Eli5QhTgvG",
                            "expanded_url": "http:\/\/www.cs.ucy.ac.cy",
                            "display_url": "cs.ucy.ac.cy",
                            "indices": [
                                0,
                                22
                            ]
                        }
                    ]
                },
                "description": {
                    "urls": [
                        
                    ]
                }
            },
            "protected": false,
            "followers_count": 220,
            "friends_count": 10,
            "listed_count": 1,
            "created_at": "Wed Dec 22 22:42:58 +0000 2010",
            "favourites_count": 4,
            "utc_offset": 7200,
            "time_zone": "Athens",
            "geo_enabled": true,
            "verified": false,
            "statuses_count": 351,
            "lang": "en",
            "contributors_enabled": false,
            "is_translator": false,
            "is_translation_enabled": false,
            "profile_background_color": "C0DEED",
            "profile_background_image_url": "http:\/\/abs.twimg.com\/images\/themes\/theme1\/bg.png",
            "profile_background_image_url_https": "https:\/\/abs.twimg.com\/images\/themes\/theme1\/bg.png",
            "profile_background_tile": false,
            "profile_image_url": "http:\/\/pbs.twimg.com\/profile_images\/378800000318918094\/eb1f5370aa87d3cdee4f3f1d69154cf9_normal.png",
            "profile_image_url_https": "https:\/\/pbs.twimg.com\/profile_images\/378800000318918094\/eb1f5370aa87d3cdee4f3f1d69154cf* Connection #0 to host api.twitter.com left intact
* Closing connection #0
9_normal.png",
            "profile_link_color": "0084B4",
            "profile_sidebar_border_color": "C0DEED",
            "profile_sidebar_fill_color": "DDEEF6",
            "profile_text_color": "333333",
            "profile_use_background_image": true,
            "default_profile": true,
            "default_profile_image": false,
            "following": false,
            "follow_request_sent": false,
            "notifications": false
        },
        "geo": null,
        "coordinates": null,
        "place": null,
        "contributors": null,
        "retweet_count": 0,
        "favorite_count": 0,
        "entities": {
            "hashtags": [
                
            ],
            "symbols": [
                
            ],
            "urls": [
                {
                    "url": "http:\/\/t.co\/1MujtmqOaD",
                    "expanded_url": "http:\/\/blog.atyourservice.com.cy\/team-posts\/web-developer-internship\/",
                    "display_url": "blog.atyourservice.com.cy\/team-posts\/web\u2026",
                    "indices": [
                        51,
                        73
                    ]
                }
            ]
